,name,datetime,temp,feelslike,dew,humidity,precip,precipprob,snow,snowdepth,windspeed,winddir,sealevelpressure,cloudcover,visibility,solarradiation,solarenergy,uvindex
0,"New York City, USA",2022-01-01T00:00:00,51.2,51.2,47.0,85.69,0.0,0,0.0,0.0,5.6,160,1012.7,100.0,7.6,0,0.0,0
1,"New York City, USA",2022-01-01T01:00:00,51.2,51.2,47.0,85.69,0.0,0,0.0,0.0,1.9,69,1012.5,100.0,7.2,0,0.0,0
2,"New York City, USA",2022-01-01T02:00:00,51.2,51.2,47.7,87.84,0.0,0,0.0,0.0,0.0,0,1012.6,100.0,6.3,0,0.0,0
3,"New York City, USA",2022-01-01T03:00:00,51.2,51.2,47.0,85.69,0.0,0,0.0,0.0,5.0,137,1012.2,100.0,8.2,0,0.0,0
4,"New York City, USA",2022-01-01T04:00:00,50.2,50.2,47.8,91.36,0.0,0,0.0,0.0,5.3,152,1011.2,100.0,7.1,0,0.0,0
5,"New York City, USA",2022-01-01T05:00:00,50.0,50.0,47.9,92.62,0.0,0,0.0,0.0,1.6,65,1011.0,100.0,4.7,0,0.0,0
6,"New York City, USA",2022-01-01T06:00:00,51.2,51.2,48.6,90.85,0.0,0,0.0,0.0,5.3,155,1010.0,100.0,2.9,0,0.0,0
7,"New York City, USA",2022-01-01T07:00:00,51.2,51.2,48.8,91.67,0.004,100,0.0,0.0,1.6,69,1010.0,100.0,5.0,0,0.0,0
8,"New York City, USA",2022-01-01T08:00:00,50.3,50.3,48.6,93.82,0.035,100,0.0,0.0,5.8,140,1009.6,100.0,2.2,9,0.0,0
9,"New York City, USA",2022-01-01T09:00:00,52.1,52.1,49.7,91.52,0.037,100,0.0,0.0,6.2,168,1009.7,100.0,6.3,21,0.1,0
10,"New York City, USA",2022-01-01T10:00:00,53.1,53.1,50.9,92.14,0.014,100,0.0,0.0,5.8,220,1010.5,100.0,5.9,31,0.1,0
11,"New York City, USA",2022-01-01T11:00:00,54.0,54.0,51.8,92.43,0.009,100,0.0,0.0,5.4,210,1009.5,100.0,6.1,54,0.2,1
12,"New York City, USA",2022-01-01T12:00:00,54.3,54.3,51.8,91.39,0.004,100,0.0,0.0,6.6,245,1008.2,100.0,6.3,55,0.2,1
13,"New York City, USA",2022-01-01T13:00:00,54.5,54.5,52.8,93.91,0.017,100,0.0,0.0,5.0,220,1007.4,100.0,6.3,51,0.2,1
14,"New York City, USA",2022-01-01T14:00:00,54.5,54.5,53.3,95.68,0.0,0,0.0,0.0,0.0,0,1007.0,100.0,5.0,52,0.2,1
15,"New York City, USA",2022-01-01T15:00:00,55.6,55.6,52.8,90.27,0.0,0,0.0,0.0,1.3,69,1006.2,98.9,7.7,52,0.2,1
16,"New York City, USA",2022-01-01T16:00:00,56.3,56.3,53.5,90.3,0.0,0,0.0,0.0,1.9,299,1005.9,100.0,7.7,21,0.1,0
17,"New York City, USA",2022-01-01T17:00:00,56.0,56.0,52.8,88.91,0.0,0,0.0,0.0,0.9,69,1006.0,100.0,8.6,2,0.0,0
18,"New York City, USA",2022-01-01T18:00:00,54.3,54.3,52.6,93.9,0.018,100,0.0,0.0,1.3,34,1006.2,100.0,5.4,16,0.1,0
19,"New York City, USA",2022-01-01T19:00:00,53.7,53.7,52.2,94.7,0.046,100,0.0,0.0,2.5,19,1006.1,100.0,3.6,0,0.0,0
20,"New York City, USA",2022-01-01T20:00:00,52.8,52.8,51.2,94.26,0.057,100,0.0,0.0,5.0,89,1005.2,100.0,2.2,0,0.0,0
21,"New York City, USA",2022-01-01T21:00:00,52.6,52.6,51.0,94.26,0.056,100,0.0,0.0,4.6,53,1004.3,100.0,2.0,0,0.0,0
22,"New York City, USA",2022-01-01T22:00:00,52.8,52.8,51.5,95.35,0.147,100,0.0,0.0,8.1,40,1002.8,100.0,2.2,0,0.0,0
23,"New York City, USA",2022-01-01T23:00:00,52.6,52.6,51.2,95.1,0.283,100,0.0,0.0,6.2,70,1002.2,100.0,2.8,0,0.0,0
24,"New York City, USA",2022-01-02T00:00:00,51.5,51.5,50.3,95.62,0.052,100,0.0,0.0,8.6,65,1000.9,100.0,5.2,0,0.0,0
25,"New York City, USA",2022-01-02T01:00:00,51.5,51.5,50.3,95.62,0.02,100,0.0,0.0,8.1,85,1000.6,100.0,4.7,0,0.0,0
26,"New York City, USA",2022-01-02T02:00:00,51.2,51.2,50.1,95.86,0.0,0,0.0,0.0,2.5,0,1000.3,100.0,3.8,0,0.0,0
27,"New York City, USA",2022-01-02T03:00:00,51.5,51.5,50.1,94.77,0.0,0,0.0,0.0,6.2,340,1001.0,100.0,5.3,0,0.0,0
28,"New York City, USA",2022-01-02T04:00:00,52.1,52.1,50.9,95.61,0.0,0,0.0,0.0,1.9,345,1000.8,100.0,5.9,0,0.0,0
29,"New York City, USA",2022-01-02T05:00:00,52.3,52.3,51.2,95.78,0.0,0,0.0,0.0,1.4,343,1001.0,100.0,3.0,0,0.0,0
30,"New York City, USA",2022-01-02T06:00:00,51.8,51.8,50.3,94.51,0.02,100,0.0,0.0,1.9,349,1001.1,100.0,3.9,5,0.0,0
31,"New York City, USA",2022-01-02T07:00:00,52.2,52.2,50.9,95.02,0.0,0,0.0,0.0,4.0,255,1001.3,100.0,2.7,0,0.0,0
32,"New York City, USA",2022-01-02T08:00:00,52.1,52.1,50.9,95.61,0.0,0,0.0,0.0,0.0,0,1001.2,100.0,5.9,7,0.0,0
33,"New York City, USA",2022-01-02T09:00:00,53.3,53.3,51.8,94.68,0.0,0,0.0,0.0,1.9,299,1001.5,100.0,5.9,26,0.1,0
34,"New York City, USA",2022-01-02T10:00:00,54.0,54.0,52.0,92.9,0.0,0,0.0,0.0,7.2,194,1002.5,100.0,6.9,57,0.2,1
35,"New York City, USA",2022-01-02T11:00:00,54.0,54.0,51.8,92.43,0.0,0,0.0,0.0,9.2,245,1002.9,100.0,6.3,54,0.2,1
36,"New York City, USA",2022-01-02T12:00:00,55.1,55.1,51.8,88.62,0.0,0,0.0,0.0,9.5,230,1002.2,100.0,8.2,94,0.3,1
37,"New York City, USA",2022-01-02T13:00:00,57.2,57.2,51.8,82.31,0.0,0,0.0,0.0,10.1,243,1002.2,90.7,9.4,110,0.4,1
38,"New York City, USA",2022-01-02T14:00:00,58.5,58.5,50.9,75.81,0.0,0,0.0,0.0,9.5,285,1002.8,97.0,9.9,172,0.6,2
39,"New York City, USA",2022-01-02T15:00:00,54.8,54.8,47.7,76.83,0.0,0,0.0,0.0,8.5,357,1003.8,88.8,9.9,64,0.2,1
40,"New York City, USA",2022-01-02T16:00:00,52.6,52.6,46.2,79.0,0.0,0,0.0,0.0,1.9,19,1005.1,88.8,9.9,30,0.1,0
41,"New York City, USA",2022-01-02T17:00:00,51.2,51.2,43.8,75.83,0.0,0,0.0,0.0,9.6,308,1006.9,100.0,9.9,7,0.0,0
42,"New York City, USA",2022-01-02T18:00:00,48.8,44.2,38.5,67.69,0.0,0,0.0,0.0,11.0,310,1009.4,97.0,9.9,16,0.1,0
43,"New York City, USA",2022-01-02T19:00:00,46.4,41.3,35.3,65.18,0.0,0,0.0,0.0,10.6,320,1010.5,100.0,9.9,0,0.0,0
44,"New York City, USA",2022-01-02T20:00:00,40.5,32.7,29.5,64.72,0.0,0,0.0,0.0,14.2,305,1012.5,23.8,9.9,0,0.0,0
45,"New York City, USA",2022-01-02T21:00:00,38.5,32.3,28.4,66.64,0.0,0,0.0,0.0,8.9,320,1013.2,23.8,9.9,0,0.0,0
46,"New York City, USA",2022-01-02T22:00:00,38.5,33.0,28.1,65.98,0.0,0,0.0,0.0,7.7,340,1014.1,88.8,9.9,0,0.0,0
47,"New York City, USA",2022-01-02T23:00:00,38.5,34.3,27.8,65.0,0.0,0,0.0,0.0,5.5,360,1015.2,97.0,9.9,0,0.0,0
48,"New York City, USA",2022-01-03T00:00:00,37.9,31.8,26.9,64.28,0.0,0,0.0,0.0,8.4,316,1016.0,43.6,9.9,0,0.0,0
49,"New York City, USA",2022-01-03T01:00:00,37.6,31.3,25.6,61.52,0.0,0,0.0,0.0,8.7,306,1016.7,43.6,9.9,0,0.0,0
50,"New York City, USA",2022-01-03T02:00:00,36.5,31.3,25.3,63.57,0.0,0,0.0,0.0,6.5,288,1018.6,88.8,9.9,0,0.0,0
51,"New York City, USA",2022-01-03T03:00:00,36.3,28.4,24.2,61.13,0.0,0,0.0,0.0,11.4,10,1018.9,97.0,9.9,0,0.0,0
52,"New York City, USA",2022-01-03T04:00:00,34.3,24.4,21.3,58.65,0.0,0,0.0,0.0,15.6,27,1017.9,97.0,9.9,0,0.0,0
53,"New York City, USA",2022-01-03T05:00:00,33.4,26.7,20.4,58.59,0.0,0,0.0,0.0,7.8,25,1019.1,97.0,9.9,0,0.0,0
54,"New York City, USA",2022-01-03T06:00:00,32.5,23.7,20.4,60.66,0.0,0,0.0,0.0,11.4,10,1019.7,91.8,9.9,5,0.0,0
55,"New York City, USA",2022-01-03T07:00:00,31.5,21.0,19.4,60.53,0.0,0,0.0,0.0,14.7,7,1018.9,26.7,9.9,0,0.0,0
56,"New York City, USA",2022-01-03T08:00:00,31.1,22.1,13.5,47.57,0.0,0,0.0,0.0,11.2,10,1019.6,46.6,9.9,8,0.0,0
57,"New York City, USA",2022-01-03T09:00:00,30.2,18.8,7.3,37.57,0.0,0,0.0,0.0,16.1,10,1020.5,100.0,9.9,18,0.1,0
58,"New York City, USA",2022-01-03T10:00:00,30.2,20.2,9.3,41.01,0.0,0,0.0,0.0,12.7,25,1020.8,100.0,9.9,22,0.1,0
59,"New York City, USA",2022-01-03T11:00:00,29.3,21.2,10.8,45.5,0.0,0,0.0,0.0,8.5,360,1020.5,100.0,9.9,32,0.1,0
60,"New York City, USA",2022-01-03T12:00:00,29.3,21.2,9.6,43.11,0.0,0,0.0,0.0,8.5,10,1018.9,100.0,9.9,45,0.2,0
61,"New York City, USA",2022-01-03T13:00:00,29.3,19.7,7.6,39.4,0.0,0,0.0,0.0,11.2,20,1016.5,100.0,9.9,64,0.2,1
62,"New York City, USA",2022-01-03T14:00:00,28.6,17.8,10.4,45.88,0.0,0,0.0,0.0,13.6,7,1016.3,100.0,9.9,56,0.2,1
63,"New York City, USA",2022-01-03T15:00:00,27.5,17.6,11.8,51.16,0.0,0,0.0,0.0,11.0,17,1017.2,91.8,9.9,30,0.1,0
64,"New York City, USA",2022-01-03T16:00:00,27.5,16.5,10.6,48.53,0.0,0,0.0,0.0,13.3,343,1017.5,45.5,9.9,16,0.1,0
65,"New York City, USA",2022-01-03T17:00:00,27.5,15.4,6.8,40.93,0.0,0,0.0,0.0,16.2,5,1018.0,60.4,9.9,6,0.0,0
66,"New York City, USA",2022-01-03T18:00:00,27.3,17.2,3.9,36.12,0.0,0,0.0,0.0,11.3,350,1019.3,23.8,9.9,13,0.0,0
67,"New York City, USA",2022-01-03T19:00:00,26.6,16.7,4.0,37.37,0.0,0,0.0,0.0,10.7,333,1020.7,23.8,9.9,0,0.0,0
68,"New York City, USA",2022-01-03T20:00:00,25.6,16.7,3.5,38.04,0.0,0,0.0,0.0,8.5,360,1021.8,23.8,9.9,0,0.0,0
69,"New York City, USA",2022-01-03T21:00:00,24.7,12.7,6.7,45.71,0.0,0,0.0,0.0,13.9,350,1022.6,13.4,9.9,0,0.0,0
70,"New York City, USA",2022-01-03T22:00:00,24.7,14.9,9.8,52.53,0.0,0,0.0,0.0,9.6,345,1023.1,7.2,9.9,0,0.0,0
71,"New York City, USA",2022-01-03T23:00:00,23.5,12.5,10.6,57.2,0.0,0,0.0,0.0,11.3,347,1023.4,0.0,9.9,0,0.0,0
72,"New York City, USA",2022-01-04T00:00:00,22.7,13.7,11.5,61.69,0.0,0,0.0,0.0,7.7,340,1024.1,0.0,9.9,0,0.0,0
73,"New York City, USA",2022-01-04T01:00:00,22.5,12.1,10.6,59.88,0.0,0,0.0,0.0,9.6,315,1024.7,0.0,9.9,0,0.0,0
74,"New York City, USA",2022-01-04T02:00:00,21.5,11.8,6.6,52.1,0.0,0,0.0,0.0,8.3,301,1025.8,0.0,9.9,0,0.0,0
75,"New York City, USA",2022-01-04T03:00:00,20.8,9.4,6.1,52.25,0.0,0,0.0,0.0,10.7,305,1026.5,0.0,9.9,0,0.0,0
76,"New York City, USA",2022-01-04T04:00:00,20.5,8.7,6.7,54.47,0.0,0,0.0,0.0,11.2,300,1027.8,0.0,9.9,0,0.0,0
77,"New York City, USA",2022-01-04T05:00:00,20.5,8.1,5.8,52.36,0.0,0,0.0,0.0,12.4,310,1027.9,0.0,9.9,0,0.0,0
78,"New York City, USA",2022-01-04T06:00:00,19.6,7.6,7.3,58.32,0.0,0,0.0,0.0,11.2,303,1028.7,0.0,9.9,0,0.0,0
79,"New York City, USA",2022-01-04T07:00:00,19.6,7.0,6.7,56.6,0.0,0,0.0,0.0,12.4,298,1029.5,0.0,9.9,1,0.0,0
80,"New York City, USA",2022-01-04T08:00:00,19.9,9.2,8.1,59.68,0.0,0,0.0,0.0,9.2,360,1030.3,0.0,9.9,5,0.0,0
81,"New York City, USA",2022-01-04T09:00:00,20.8,15.1,7.3,55.39,0.0,0,0.0,0.0,4.0,291,1030.6,7.2,9.9,128,0.5,1
82,"New York City, USA",2022-01-04T10:00:00,23.0,17.2,8.3,52.88,0.0,0,0.0,0.0,4.3,270,1030.8,7.2,9.9,262,0.9,3
83,"New York City, USA",2022-01-04T11:00:00,27.5,27.5,8.3,43.75,0.0,0,0.0,0.0,0.0,0,1030.5,7.2,9.9,442,1.6,4
84,"New York City, USA",2022-01-04T12:00:00,30.5,30.5,8.5,39.04,0.0,0,0.0,0.0,2.5,319,1029.3,7.2,9.9,487,1.8,5
85,"New York City, USA",2022-01-04T13:00:00,31.5,27.1,11.0,42.09,0.0,0,0.0,0.0,4.3,270,1028.2,7.2,9.9,478,1.7,5
86,"New York City, USA",2022-01-04T14:00:00,32.8,28.7,11.9,41.48,0.0,0,0.0,0.0,4.3,330,1027.9,13.4,9.9,345,1.2,3
87,"New York City, USA",2022-01-04T15:00:00,33.4,28.0,11.4,39.64,0.0,0,0.0,0.0,5.9,200,1028.0,13.4,9.9,265,1.0,3
88,"New York City, USA",2022-01-04T16:00:00,34.3,28.2,11.9,39.02,0.0,0,0.0,0.0,7.2,239,1028.0,23.8,9.9,114,0.4,1
89,"New York City, USA",2022-01-04T17:00:00,33.4,27.0,11.7,40.06,0.0,0,0.0,0.0,7.2,239,1028.1,23.8,9.9,12,0.0,0
90,"New York City, USA",2022-01-04T18:00:00,33.4,29.1,12.8,42.13,0.0,0,0.0,0.0,4.6,234,1028.0,23.8,9.9,16,0.1,0
91,"New York City, USA",2022-01-04T19:00:00,33.4,27.8,12.8,42.13,0.0,0,0.0,0.0,6.1,210,1027.9,23.8,9.9,0,0.0,0
92,"New York City, USA",2022-01-04T20:00:00,33.4,26.4,12.8,42.13,0.0,0,0.0,0.0,8.4,229,1027.9,23.8,9.9,0,0.0,0
93,"New York City, USA",2022-01-04T21:00:00,33.4,27.2,15.2,46.68,0.0,0,0.0,0.0,7.0,200,1027.2,23.8,9.9,0,0.0,0
94,"New York City, USA",2022-01-04T22:00:00,32.3,26.5,16.1,50.75,0.0,0,0.0,0.0,6.1,210,1026.8,23.8,9.9,0,0.0,0
95,"New York City, USA",2022-01-04T23:00:00,32.3,32.3,17.1,53.01,0.0,0,0.0,0.0,2.2,299,1026.3,13.4,9.9,0,0.0,0
96,"New York City, USA",2022-01-05T00:00:00,31.1,25.3,18.0,57.75,0.0,0,0.0,0.0,5.9,185,1025.6,13.4,9.9,0,0.0,0
97,"New York City, USA",2022-01-05T01:00:00,32.0,26.8,17.3,54.25,0.0,0,0.0,0.0,5.3,210,1024.6,13.4,9.9,0,0.0,0
98,"New York City, USA",2022-01-05T02:00:00,32.9,29.0,15.4,48.24,0.0,0,0.0,0.0,4.0,210,1023.8,23.8,9.9,0,0.0,0
99,"New York City, USA",2022-01-05T03:00:00,33.2,28.2,21.6,62.09,0.0,0,0.0,0.0,5.3,225,1023.0,23.8,9.9,0,0.0,0
100,"New York City, USA",2022-01-05T04:00:00,33.4,29.4,23.0,65.21,0.0,0,0.0,0.0,4.3,259,1021.9,100.0,9.9,0,0.0,0
101,"New York City, USA",2022-01-05T05:00:00,33.4,28.6,24.2,68.53,0.0,0,0.0,0.0,5.2,239,1020.5,100.0,9.9,0,0.0,0
102,"New York City, USA",2022-01-05T06:00:00,33.7,29.7,27.5,77.77,0.012,100,0.0,0.0,4.3,262,1019.4,100.0,7.3,0,0.0,0
103,"New York City, USA",2022-01-05T07:00:00,33.7,33.7,29.0,82.87,0.022,100,0.0,0.0,0.9,0,1018.1,100.0,8.1,0,0.0,0
104,"New York City, USA",2022-01-05T08:00:00,35.7,35.7,32.9,89.54,0.023,100,0.0,0.0,1.9,90,1017.1,100.0,3.0,15,0.1,0
105,"New York City, USA",2022-01-05T09:00:00,37.4,37.4,35.5,92.76,0.019,100,0.0,0.0,1.9,65,1015.8,100.0,2.7,35,0.1,0
106,"New York City, USA",2022-01-05T10:00:00,38.3,32.1,35.7,90.5,0.014,100,0.0,0.0,8.7,232,1015.4,100.0,6.2,46,0.2,0
107,"New York City, USA",2022-01-05T11:00:00,39.5,34.7,36.0,87.15,0.06,100,0.0,0.0,6.6,220,1014.4,100.0,4.1,47,0.2,0
108,"New York City, USA",2022-01-05T12:00:00,40.5,35.0,37.1,87.82,0.058,100,0.0,0.0,8.4,225,1012.5,100.0,4.1,57,0.2,1
109,"New York City, USA",2022-01-05T13:00:00,43.3,36.8,39.6,86.53,0.019,100,0.0,0.0,12.8,190,1010.6,100.0,9.1,109,0.4,1
110,"New York City, USA",2022-01-05T14:00:00,45.0,42.0,40.7,84.79,0.0,0,0.0,0.0,5.5,190,1009.3,100.0,9.1,110,0.4,1
111,"New York City, USA",2022-01-05T15:00:00,46.1,43.1,41.0,82.14,0.0,0,0.0,0.0,5.9,200,1008.4,91.8,9.1,94,0.3,1
112,"New York City, USA",2022-01-05T16:00:00,46.4,43.0,41.3,82.4,0.0,0,0.0,0.0,6.6,205,1008.4,91.8,9.1,35,0.1,0
113,"New York City, USA",2022-01-05T17:00:00,46.6,44.9,41.0,80.66,0.0,0,0.0,0.0,4.0,200,1007.9,88.8,9.9,11,0.0,0
114,"New York City, USA",2022-01-05T18:00:00,46.4,41.7,40.1,78.77,0.0,0,0.0,0.0,9.5,222,1006.9,23.8,9.9,15,0.1,0
115,"New York City, USA",2022-01-05T19:00:00,46.4,42.7,39.6,77.1,0.0,0,0.0,0.0,7.2,237,1006.7,43.6,9.9,0,0.0,0
116,"New York City, USA",2022-01-05T20:00:00,44.6,40.0,38.3,78.25,0.0,0,0.0,0.0,8.6,227,1007.1,23.8,9.9,0,0.0,0
117,"New York City, USA",2022-01-05T21:00:00,44.3,40.2,37.8,77.69,0.0,0,0.0,0.0,7.3,240,1006.7,23.8,9.9,0,0.0,0
118,"New York City, USA",2022-01-05T22:00:00,42.7,37.7,36.0,77.01,0.0,0,0.0,0.0,8.4,245,1006.1,23.8,9.9,0,0.0,0
119,"New York City, USA",2022-01-05T23:00:00,42.4,37.9,35.7,77.07,0.0,0,0.0,0.0,7.2,237,1005.5,26.7,9.9,0,0.0,0
120,"New York City, USA",2022-01-06T00:00:00,41.3,35.3,34.8,77.52,0.0,0,0.0,0.0,10.0,245,1005.4,26.7,9.9,0,0.0,0
121,"New York City, USA",2022-01-06T01:00:00,40.5,36.2,34.1,77.79,0.0,0,0.0,0.0,6.1,230,1005.1,26.7,9.9,0,0.0,0
122,"New York City, USA",2022-01-06T02:00:00,40.7,36.5,33.8,76.33,0.0,0,0.0,0.0,6.2,270,1006.1,23.8,9.9,0,0.0,0
123,"New York City, USA",2022-01-06T03:00:00,39.8,36.3,32.9,76.01,0.0,0,0.0,0.0,4.9,300,1006.3,13.4,9.9,0,0.0,0
124,"New York City, USA",2022-01-06T04:00:00,39.8,33.9,30.8,70.06,0.0,0,0.0,0.0,9.0,290,1006.9,13.4,9.9,0,0.0,0
125,"New York City, USA",2022-01-06T05:00:00,39.5,33.7,29.0,65.92,0.0,0,0.0,0.0,8.5,285,1007.7,13.4,9.9,0,0.0,0
126,"New York City, USA",2022-01-06T06:00:00,39.5,32.1,28.1,63.53,0.0,0,0.0,0.0,12.4,283,1009.0,13.4,9.9,0,0.0,0
127,"New York City, USA",2022-01-06T07:00:00,38.5,31.0,22.1,51.43,0.0,0,0.0,0.0,11.8,283,1009.8,13.4,9.9,1,0.0,0
128,"New York City, USA",2022-01-06T08:00:00,37.6,29.4,18.8,46.27,0.0,0,0.0,0.0,13.3,277,1010.3,23.8,9.9,15,0.1,0
129,"New York City, USA",2022-01-06T09:00:00,37.4,30.0,17.7,44.58,0.0,0,0.22,0.22,10.9,277,1011.9,23.8,9.9,72,0.3,1
130,"New York City, USA",2022-01-06T10:00:00,37.4,29.5,16.3,41.97,0.0,0,0.22,0.44,12.1,275,1012.8,23.8,9.9,127,0.5,1
131,"New York City, USA",2022-01-06T11:00:00,37.4,30.4,14.0,37.88,0.0,0,0.22,0.66,9.9,270,1013.2,23.8,9.9,172,0.6,2
132,"New York City, USA",2022-01-06T12:00:00,37.6,31.0,14.0,37.52,0.0,0,0.22,0.88,9.4,270,1012.8,26.7,9.9,206,0.7,2
133,"New York City, USA",2022-01-06T13:00:00,37.6,30.7,12.8,35.67,0.0,0,0.22,1.1,9.9,280,1012.8,26.7,9.9,352,1.3,4
134,"New York City, USA",2022-01-06T14:00:00,37.6,31.2,13.1,36.16,0.0,0,0.22,1.32,9.0,266,1012.7,13.4,9.9,307,1.1,3
135,"New York City, USA",2022-01-06T15:00:00,38.3,33.4,12.8,34.76,0.0,0,0.22,1.54,6.5,300,1012.9,23.8,9.9,201,0.7,2
136,"New York City, USA",2022-01-06T16:00:00,37.6,37.6,13.4,36.63,0.0,0,0.22,1.76,0.9,345,1012.8,23.8,9.9,109,0.4,1
137,"New York City, USA",2022-01-06T17:00:00,36.5,36.5,15.2,41.25,0.0,0,0.22,1.98,2.8,337,1013.8,23.8,9.9,14,0.1,0
138,"New York City, USA",2022-01-06T18:00:00,36.5,29.7,15.4,41.68,0.0,0,0.22,2.2,9.3,288,1014.5,23.8,9.9,22,0.1,0
139,"New York City, USA",2022-01-06T19:00:00,35.6,32.3,15.2,42.74,0.0,0,0.22,2.42,4.0,340,1015.0,23.8,9.9,0,0.0,0
140,"New York City, USA",2022-01-06T20:00:00,35.3,35.3,13.1,39.59,0.0,0,0.22,2.63,1.3,4,1014.4,23.8,9.9,0,0.0,0
141,"New York City, USA",2022-01-06T21:00:00,35.3,30.1,14.0,41.08,0.0,0,0.22,2.85,6.1,28,1012.9,100.0,9.9,0,0.0,0
142,"New York City, USA",2022-01-06T22:00:00,35.3,30.1,14.9,42.67,0.0,0,0.22,3.07,6.1,43,1013.4,100.0,9.9,0,0.0,0
143,"New York City, USA",2022-01-06T23:00:00,35.3,30.1,16.1,44.99,0.0,0,0.22,3.29,6.1,40,1013.2,100.0,9.9,0,0.0,0
144,"New York City, USA",2022-01-07T00:00:00,34.6,28.3,16.1,46.33,0.0,0,0.22,3.51,7.5,20,1012.2,100.0,9.9,0,0.0,0
145,"New York City, USA",2022-01-07T01:00:00,30.8,20.1,22.4,70.8,0.0,0,0.22,3.73,14.9,10,1009.1,100.0,9.9,0,0.0,0
146,"New York City, USA",2022-01-07T02:00:00,30.5,23.3,24.5,78.24,0.001,100,0.22,3.95,7.5,25,1009.6,100.0,1.9,0,0.0,0
147,"New York City, USA",2022-01-07T03:00:00,29.5,19.9,26.1,86.84,0.029,100,0.22,4.17,11.4,60,1008.5,100.0,0.2,0,0.0,0
148,"New York City, USA",2022-01-07T04:00:00,29.5,20.4,27.0,90.13,0.101,100,0.22,4.39,10.4,45,1006.9,100.0,0.2,0,0.0,0
149,"New York City, USA",2022-01-07T05:00:00,29.3,29.3,27.0,91.02,0.072,100,0.22,4.61,2.8,356,1007.3,100.0,0.6,0,0.0,0
150,"New York City, USA",2022-01-07T06:00:00,28.6,22.3,26.7,92.58,0.068,100,0.22,4.83,5.9,350,1007.8,100.0,0.2,0,0.0,0
151,"New York City, USA",2022-01-07T07:00:00,28.6,20.2,26.1,90.09,0.069,100,0.22,5.05,8.8,330,1008.0,100.0,0.2,5,0.0,0
152,"New York City, USA",2022-01-07T08:00:00,28.6,20.7,26.1,90.09,0.022,100,0.22,5.27,8.0,320,1008.6,100.0,0.8,9,0.0,0
153,"New York City, USA",2022-01-07T09:00:00,28.6,19.0,25.1,86.41,0.005,100,0.0,5.2,11.0,305,1009.2,100.0,1.2,21,0.1,0
154,"New York City, USA",2022-01-07T10:00:00,29.5,20.4,24.2,80.22,0.0,0,0.0,5.14,10.4,298,1009.5,88.8,4.9,81,0.3,1
155,"New York City, USA",2022-01-07T11:00:00,31.7,21.8,23.3,70.8,0.0,0,0.0,5.07,13.4,295,1009.9,88.8,5.4,545,2.0,5
156,"New York City, USA",2022-01-07T12:00:00,33.9,24.4,20.5,57.56,0.0,0,0.0,5.01,13.9,310,1009.2,43.6,6.3,525,1.9,5
157,"New York City, USA",2022-01-07T13:00:00,33.7,24.3,18.5,53.39,0.0,0,0.0,4.94,13.5,298,1009.7,97.0,9.0,212,0.8,2
158,"New York City, USA",2022-01-07T14:00:00,33.1,23.9,18.6,54.88,0.0,0,0.0,4.88,12.5,300,1009.9,88.8,9.9,139,0.5,1
159,"New York City, USA",2022-01-07T15:00:00,33.4,23.8,15.4,47.17,0.0,0,0.0,4.81,13.9,295,1011.2,97.0,9.9,253,0.9,3
160,"New York City, USA",2022-01-07T16:00:00,33.7,23.9,14.3,44.46,0.0,0,0.0,4.75,14.5,293,1012.7,88.8,9.9,69,0.2,1
161,"New York City, USA",2022-01-07T17:00:00,31.5,21.1,14.3,48.62,0.0,0,0.0,4.68,14.5,293,1014.4,13.4,9.9,11,0.0,0
162,"New York City, USA",2022-01-07T18:00:00,30.5,20.7,17.1,57.06,0.0,0,0.0,4.62,12.4,285,1016.3,88.8,9.9,24,0.1,0
163,"New York City, USA",2022-01-07T19:00:00,29.5,19.6,11.8,47.17,0.0,0,0.0,4.55,12.1,303,1017.7,13.4,9.9,0,0.0,0
164,"New York City, USA",2022-01-07T20:00:00,28.6,18.2,11.9,49.17,0.0,0,0.0,4.49,12.8,290,1019.0,7.2,9.9,0,0.0,0
165,"New York City, USA",2022-01-07T21:00:00,27.5,16.9,11.3,49.93,0.0,0,0.0,4.42,12.6,285,1020.0,7.2,9.9,0,0.0,0
166,"New York City, USA",2022-01-07T22:00:00,26.9,16.3,10.6,49.82,0.0,0,0.0,4.36,12.0,288,1020.7,7.2,9.9,0,0.0,0
167,"New York City, USA",2022-01-07T23:00:00,26.6,15.8,10.1,49.25,0.0,0,0.0,4.29,12.4,285,1021.8,7.2,9.9,0,0.0,0
168,"New York City, USA",2022-01-08T00:00:00,26.6,15.7,10.4,49.78,0.0,0,0.0,4.23,12.7,300,1022.9,88.8,9.9,0,0.0,0
169,"New York City, USA",2022-01-08T01:00:00,24.9,13.6,8.6,49.41,0.0,0,0.0,4.16,12.6,307,1023.5,7.2,9.9,0,0.0,0
170,"New York City, USA",2022-01-08T02:00:00,24.7,13.3,8.3,49.22,0.0,0,0.0,4.09,12.6,287,1025.2,7.2,9.9,0,0.0,0
171,"New York City, USA",2022-01-08T03:00:00,23.8,11.1,7.9,50.06,0.0,0,0.0,4.03,14.9,303,1026.3,7.2,9.9,0,0.0,0
172,"New York City, USA",2022-01-08T04:00:00,22.7,11.7,7.9,52.46,0.0,0,0.0,3.96,10.8,305,1027.7,7.2,9.9,0,0.0,0
173,"New York City, USA",2022-01-08T05:00:00,22.5,11.5,8.3,54.03,0.0,0,0.0,3.9,10.6,290,1029.5,7.2,9.9,0,0.0,0
174,"New York City, USA",2022-01-08T06:00:00,22.5,13.2,8.3,54.03,0.0,0,0.0,3.83,8.0,288,1031.0,0.0,9.9,0,0.0,0
175,"New York City, USA",2022-01-08T07:00:00,21.8,8.7,7.2,52.89,0.0,0,0.0,3.77,14.6,300,1032.0,0.0,9.9,1,0.0,0
176,"New York City, USA",2022-01-08T08:00:00,20.8,8.2,7.6,56.0,0.0,0,0.0,3.7,13.0,305,1033.2,0.0,9.9,19,0.1,0
177,"New York City, USA",2022-01-08T09:00:00,21.5,10.4,6.7,52.28,0.0,0,0.0,3.68,10.4,301,1034.7,0.0,9.9,94,0.3,1
178,"New York City, USA",2022-01-08T10:00:00,22.7,14.4,6.4,49.06,0.0,0,0.0,3.65,6.9,310,1036.3,0.0,9.9,287,1.0,3
179,"New York City, USA",2022-01-08T11:00:00,24.7,15.3,4.7,41.76,0.0,0,0.0,3.62,9.0,305,1036.2,0.0,9.9,459,1.7,5
180,"New York City, USA",2022-01-08T12:00:00,26.6,19.7,5.9,40.61,0.0,0,0.0,3.59,6.2,330,1035.6,0.0,9.9,505,1.8,5
181,"New York City, USA",2022-01-08T13:00:00,27.5,21.1,3.8,35.67,0.0,0,0.0,3.57,5.8,330,1035.2,7.2,9.9,494,1.8,5
182,"New York City, USA",2022-01-08T14:00:00,28.6,28.6,3.8,34.11,0.0,0,0.0,3.54,1.3,333,1035.4,7.2,9.9,418,1.5,4
183,"New York City, USA",2022-01-08T15:00:00,29.5,25.9,2.9,31.55,0.0,0,0.0,3.51,3.4,0,1035.3,7.2,9.9,303,1.1,3
184,"New York City, USA",2022-01-08T16:00:00,29.8,29.8,4.7,33.76,0.0,0,0.0,3.48,2.5,311,1035.6,7.2,9.9,119,0.4,1
185,"New York City, USA",2022-01-08T17:00:00,29.3,25.6,3.6,32.84,0.0,0,0.0,3.46,3.4,294,1035.9,7.2,9.9,11,0.0,0
186,"New York City, USA",2022-01-08T18:00:00,29.5,29.5,6.5,37.17,0.0,0,0.0,3.43,0.0,0,1035.5,7.2,9.9,18,0.1,0
187,"New York City, USA",2022-01-08T19:00:00,29.3,24.3,7.1,38.5,0.0,0,0.0,3.4,4.6,200,1035.7,7.2,9.9,0,0.0,0
188,"New York City, USA",2022-01-08T20:00:00,29.3,24.6,9.0,41.96,0.0,0,0.0,3.37,4.3,210,1035.9,7.2,9.9,0,0.0,0
189,"New York City, USA",2022-01-08T21:00:00,29.3,29.3,9.8,43.58,0.0,0,0.0,3.35,1.9,303,1035.6,0.0,9.9,0,0.0,0
190,"New York City, USA",2022-01-08T22:00:00,29.3,22.0,6.7,37.83,0.0,0,0.0,3.32,7.3,225,1035.0,0.0,9.9,0,0.0,0
191,"New York City, USA",2022-01-08T23:00:00,29.3,22.9,8.3,40.73,0.0,0,0.0,3.29,6.1,180,1033.5,7.2,9.9,0,0.0,0
192,"New York City, USA",2022-01-09T00:00:00,29.9,23.4,9.8,42.42,0.0,0,0.0,3.26,6.4,227,1034.3,7.2,9.9,0,0.0,0
193,"New York City, USA",2022-01-09T01:00:00,29.9,20.5,9.8,42.42,0.0,0,0.0,3.24,11.4,220,1033.3,0.0,9.9,0,0.0,0
194,"New York City, USA",2022-01-09T02:00:00,29.3,20.8,12.6,49.28,0.0,0,0.0,3.21,9.2,227,1033.2,7.2,9.9,0,0.0,0
195,"New York City, USA",2022-01-09T03:00:00,30.2,22.9,16.6,56.52,0.0,0,0.0,3.18,7.5,220,1032.1,88.8,9.9,0,0.0,0
196,"New York City, USA",2022-01-09T04:00:00,31.1,22.5,16.8,54.92,0.0,0,0.0,3.15,10.3,220,1031.1,33.2,9.9,0,0.0,0
197,"New York City, USA",2022-01-09T05:00:00,32.3,24.0,18.8,57.14,0.0,0,0.0,3.13,10.3,217,1029.2,88.8,9.9,0,0.0,0
198,"New York City, USA",2022-01-09T06:00:00,33.4,25.3,21.6,61.49,0.0,0,0.0,3.1,10.3,195,1028.4,97.0,9.9,0,0.0,0
199,"New York City, USA",2022-01-09T07:00:00,34.3,25.4,22.7,62.03,0.0,0,0.0,3.07,12.9,212,1027.3,88.8,9.9,1,0.0,0
200,"New York City, USA",2022-01-09T08:00:00,35.3,26.7,24.2,63.52,0.0,0,0.0,3.04,12.8,210,1026.3,97.0,9.9,34,0.1,0
201,"New York City, USA",2022-01-09T09:00:00,36.0,29.3,23.0,58.89,0.0,0,0.0,2.92,8.8,210,1025.7,97.0,9.9,61,0.2,1
202,"New York City, USA",2022-01-09T10:00:00,36.3,29.1,24.8,62.84,0.0,0,0.0,2.79,9.9,227,1025.0,97.0,9.9,59,0.2,1
203,"New York City, USA",2022-01-09T11:00:00,37.4,30.5,25.8,62.7,0.0,0,0.0,2.66,9.8,217,1023.7,97.0,9.0,88,0.3,1
204,"New York City, USA",2022-01-09T12:00:00,38.3,30.0,26.7,62.89,0.0,0,0.0,2.54,13.9,220,1020.5,100.0,9.9,140,0.5,1
205,"New York City, USA",2022-01-09T13:00:00,38.5,31.2,28.1,65.98,0.0,0,0.0,2.41,11.4,230,1019.5,98.9,9.9,130,0.5,1
206,"New York City, USA",2022-01-09T14:00:00,39.2,32.9,28.8,66.06,0.0,0,0.0,2.28,9.3,225,1018.4,98.9,9.9,111,0.4,1
207,"New York City, USA",2022-01-09T15:00:00,39.2,33.3,30.6,71.09,0.0,0,0.0,2.16,8.5,220,1017.0,100.0,9.9,60,0.2,1
208,"New York City, USA",2022-01-09T16:00:00,39.2,34.0,31.7,74.28,0.0,0,0.0,2.03,7.3,220,1016.6,100.0,9.9,23,0.1,0
209,"New York City, USA",2022-01-09T17:00:00,38.5,32.9,32.9,79.92,0.012,100,0.0,1.9,7.8,230,1016.4,100.0,9.0,7,0.0,0
210,"New York City, USA",2022-01-09T18:00:00,38.5,31.2,33.8,83.1,0.014,100,0.0,1.78,11.4,250,1016.2,100.0,5.4,42,0.2,0
211,"New York City, USA",2022-01-09T19:00:00,38.5,32.2,34.8,86.4,0.025,100,0.0,1.65,9.2,223,1015.5,100.0,7.2,0,0.0,0
212,"New York City, USA",2022-01-09T20:00:00,38.5,32.4,35.1,87.33,0.016,100,0.0,1.52,8.7,257,1015.4,100.0,6.3,0,0.0,0
213,"New York City, USA",2022-01-09T21:00:00,38.8,33.9,35.1,86.28,0.031,100,0.0,1.39,6.7,270,1014.8,100.0,7.2,0,0.0,0
214,"New York City, USA",2022-01-09T22:00:00,39.5,33.9,35.1,84.09,0.01,100,0.0,1.27,8.1,243,1014.2,23.8,9.0,0,0.0,0
215,"New York City, USA",2022-01-09T23:00:00,39.8,34.5,34.8,82.18,0.0,0,0.0,1.14,7.7,255,1014.3,46.6,8.6,0,0.0,0
216,"New York City, USA",2022-01-10T00:00:00,39.8,33.3,34.8,82.18,0.0,0,0.0,1.01,10.1,278,1014.6,26.7,9.0,0,0.0,0
217,"New York City, USA",2022-01-10T01:00:00,40.5,34.2,31.7,70.66,0.0,0,0.0,0.89,10.0,310,1014.7,100.0,9.9,0,0.0,0
218,"New York City, USA",2022-01-10T02:00:00,39.5,34.1,30.6,70.24,0.0,0,0.0,0.76,7.7,300,1014.9,100.0,9.9,0,0.0,0
219,"New York City, USA",2022-01-10T03:00:00,38.5,31.5,24.4,56.57,0.0,0,0.0,0.63,10.8,311,1015.8,100.0,9.9,0,0.0,0
220,"New York City, USA",2022-01-10T04:00:00,35.6,26.3,18.7,49.69,0.0,0,0.0,0.51,14.9,305,1016.5,100.0,9.9,0,0.0,0
221,"New York City, USA",2022-01-10T05:00:00,33.7,22.9,14.2,44.28,0.0,0,0.0,0.38,17.5,305,1017.4,23.8,9.9,0,0.0,0
222,"New York City, USA",2022-01-10T06:00:00,31.5,19.0,11.2,42.33,0.0,0,0.0,0.25,20.9,308,1018.3,23.8,9.9,5,0.0,0
223,"New York City, USA",2022-01-10T07:00:00,29.5,21.1,11.5,46.53,0.0,0,0.0,0.13,9.2,330,1019.3,33.2,9.9,1,0.0,0
224,"New York City, USA",2022-01-10T08:00:00,28.6,19.1,11.3,47.75,0.0,0,0.0,0.0,10.7,308,1020.0,33.2,9.9,24,0.1,0
225,"New York City, USA",2022-01-10T09:00:00,28.6,18.5,9.1,43.36,0.0,0,0.0,0.0,12.1,303,1021.2,13.4,9.9,105,0.4,1
226,"New York City, USA",2022-01-10T10:00:00,28.4,16.5,8.9,43.32,0.0,0,0.0,0.0,16.1,330,1021.6,13.4,9.9,288,1.0,3
227,"New York City, USA",2022-01-10T11:00:00,28.6,19.6,7.9,41.05,0.0,0,0.0,0.0,9.9,308,1021.3,33.2,9.9,455,1.6,5
228,"New York City, USA",2022-01-10T12:00:00,29.3,19.5,6.9,38.24,0.0,0,0.0,0.0,11.6,278,1020.8,33.2,9.9,500,1.8,5
229,"New York City, USA",2022-01-10T13:00:00,29.5,19.7,4.5,33.84,0.0,0,0.0,0.0,12.0,300,1019.4,33.2,9.9,370,1.3,4
230,"New York City, USA",2022-01-10T14:00:00,29.5,22.6,5.3,35.18,0.0,0,0.0,0.0,6.9,330,1019.3,43.6,9.9,477,1.7,5
231,"New York City, USA",2022-01-10T15:00:00,29.5,21.0,5.0,34.67,0.0,0,0.0,0.0,9.4,290,1019.5,60.4,9.9,167,0.6,2
232,"New York City, USA",2022-01-10T16:00:00,28.6,18.5,5.9,37.43,0.0,0,0.0,0.0,12.1,277,1019.7,88.8,9.9,80,0.3,1
233,"New York City, USA",2022-01-10T17:00:00,27.5,17.1,6.2,39.7,0.0,0,0.0,0.0,12.1,282,1019.8,23.8,9.9,14,0.1,0
234,"New York City, USA",2022-01-10T18:00:00,27.5,19.8,7.1,41.36,0.0,0,0.0,0.0,7.4,270,1020.4,88.8,9.9,18,0.1,0
235,"New York City, USA",2022-01-10T19:00:00,27.5,19.1,6.8,40.91,0.0,0,0.0,0.0,8.5,260,1020.8,7.2,9.9,0,0.0,0
236,"New York City, USA",2022-01-10T20:00:00,27.3,17.3,8.7,45.03,0.0,0,0.0,0.0,11.0,253,1020.7,7.2,9.9,0,0.0,0
237,"New York City, USA",2022-01-10T21:00:00,26.6,18.9,10.5,50.03,0.0,0,0.0,0.0,7.2,270,1020.5,7.2,9.9,0,0.0,0
238,"New York City, USA",2022-01-10T22:00:00,26.6,16.9,8.7,46.27,0.0,0,0.0,0.0,10.2,273,1020.7,7.2,9.9,0,0.0,0
239,"New York City, USA",2022-01-10T23:00:00,25.6,20.3,7.8,46.34,0.0,0,0.0,0.0,4.3,326,1020.9,0.0,9.9,0,0.0,0
240,"New York City, USA",2022-01-11T00:00:00,24.9,13.7,6.7,45.25,0.0,0,0.0,0.0,12.4,280,1022.1,0.0,9.9,0,0.0,0
241,"New York City, USA",2022-01-11T01:00:00,22.5,10.0,12.2,64.16,0.0,0,0.0,0.0,13.6,326,1023.2,94.0,1.9,0,0.0,0
242,"New York City, USA",2022-01-11T02:00:00,21.8,6.0,5.8,49.46,0.0,0,0.0,0.0,21.9,300,1024.1,7.2,9.9,0,0.0,0
243,"New York City, USA",2022-01-11T03:00:00,20.5,6.8,1.8,43.48,0.0,0,0.0,0.0,15.2,310,1025.7,7.2,9.9,0,0.0,0
244,"New York City, USA",2022-01-11T04:00:00,19.9,6.8,1.3,43.78,0.0,0,0.0,0.0,13.4,313,1027.0,7.2,9.9,0,0.0,0
245,"New York City, USA",2022-01-11T05:00:00,18.5,5.0,1.0,45.67,0.0,0,0.0,0.0,13.6,303,1027.9,7.2,9.9,0,0.0,0
246,"New York City, USA",2022-01-11T06:00:00,17.9,3.0,2.8,51.11,0.0,0,0.0,0.0,16.0,305,1029.6,7.2,9.9,2,0.0,0
247,"New York City, USA",2022-01-11T07:00:00,16.9,2.9,0.8,48.46,0.0,0,0.0,0.0,13.6,305,1030.6,7.2,9.9,1,0.0,0
248,"New York City, USA",2022-01-11T08:00:00,16.6,3.7,-1.2,44.79,0.0,0,0.0,0.0,11.5,298,1031.7,7.2,9.9,21,0.1,0
249,"New York City, USA",2022-01-11T09:00:00,15.9,0.7,-2.9,42.41,0.0,0,0.0,0.0,15.7,313,1033.2,27.1,9.9,129,0.5,1
250,"New York City, USA",2022-01-11T10:00:00,15.9,0.0,-4.3,39.72,0.0,0,0.0,0.0,17.2,300,1034.3,7.2,9.9,292,1.1,3
251,"New York City, USA",2022-01-11T11:00:00,16.6,4.3,-4.2,38.84,0.0,0,0.0,0.0,10.5,344,1034.1,7.2,9.9,457,1.6,5
252,"New York City, USA",2022-01-11T12:00:00,16.9,4.5,-4.9,37.13,0.0,0,0.0,0.0,10.7,300,1033.5,7.2,9.9,499,1.8,5
253,"New York City, USA",2022-01-11T13:00:00,18.5,7.3,-5.1,34.21,0.0,0,0.0,0.0,9.6,330,1032.4,7.2,9.9,489,1.8,5
254,"New York City, USA",2022-01-11T14:00:00,18.8,6.2,-4.2,35.35,0.0,0,0.0,0.0,11.8,286,1033.3,0.0,9.9,423,1.5,4
255,"New York City, USA",2022-01-11T15:00:00,19.6,19.6,-4.7,33.23,0.0,0,0.0,0.0,2.5,341,1032.5,0.0,9.9,308,1.1,3
256,"New York City, USA",2022-01-11T16:00:00,19.6,12.0,-5.4,32.19,0.0,0,0.0,0.0,5.5,310,1033.0,0.0,9.9,129,0.5,1
257,"New York City, USA",2022-01-11T17:00:00,19.4,9.4,-4.7,33.57,0.0,0,0.0,0.0,8.1,300,1033.9,7.2,9.9,14,0.1,0
258,"New York City, USA",2022-01-11T18:00:00,19.6,10.7,-3.2,35.77,0.0,0,0.0,0.0,6.9,320,1034.3,7.2,9.9,9,0.0,0
259,"New York City, USA",2022-01-11T19:00:00,18.5,11.6,-4.7,34.81,0.0,0,0.0,0.0,4.7,330,1034.0,7.2,9.9,0,0.0,0
260,"New York City, USA",2022-01-11T20:00:00,17.6,17.6,-4.7,36.18,0.0,0,0.0,0.0,0.9,360,1034.4,7.2,9.9,0,0.0,0
261,"New York City, USA",2022-01-11T21:00:00,18.5,18.5,-4.7,34.81,0.0,0,0.0,0.0,1.3,345,1033.0,7.2,9.9,0,0.0,0
262,"New York City, USA",2022-01-11T22:00:00,18.5,18.5,-4.0,36.02,0.0,0,0.0,0.0,0.0,0,1033.6,7.2,9.9,0,0.0,0
263,"New York City, USA",2022-01-11T23:00:00,19.4,12.2,-2.2,37.8,0.0,0,0.0,0.0,5.0,150,1032.0,13.4,9.9,0,0.0,0
264,"New York City, USA",2022-01-12T00:00:00,20.0,10.2,-1.5,38.15,0.0,0,0.0,0.0,8.1,202,1031.5,7.2,9.9,0,0.0,0
265,"New York City, USA",2022-01-12T01:00:00,20.9,13.4,1.5,42.14,0.0,0,0.0,0.0,5.6,190,1030.2,13.4,9.9,0,0.0,0
266,"New York City, USA",2022-01-12T02:00:00,21.2,21.2,2.4,43.57,0.0,0,0.0,0.0,2.8,299,1029.8,23.8,9.9,0,0.0,0
267,"New York City, USA",2022-01-12T03:00:00,21.2,12.2,4.2,47.29,0.0,0,0.0,0.0,7.3,210,1029.2,13.4,9.9,0,0.0,0
268,"New York City, USA",2022-01-12T04:00:00,22.1,13.2,5.3,47.76,0.0,0,0.0,0.0,7.5,207,1028.0,23.8,9.9,0,0.0,0
269,"New York City, USA",2022-01-12T05:00:00,23.3,16.3,7.6,50.41,0.0,0,0.0,0.0,5.5,200,1026.5,13.4,9.9,0,0.0,0
270,"New York City, USA",2022-01-12T06:00:00,25.1,13.2,10.4,53.1,0.0,0,0.0,0.0,13.9,207,1026.7,13.4,9.9,0,0.0,0
271,"New York City, USA",2022-01-12T07:00:00,25.6,16.0,10.1,51.43,0.0,0,0.0,0.0,9.6,225,1024.6,13.4,9.9,1,0.0,0
272,"New York City, USA",2022-01-12T08:00:00,27.3,17.7,10.5,48.69,0.0,0,0.0,0.0,10.3,212,1023.9,13.4,9.9,17,0.1,0
273,"New York City, USA",2022-01-12T09:00:00,28.6,20.2,12.8,51.16,0.0,0,0.0,0.0,8.9,220,1023.8,23.8,9.9,105,0.4,1
274,"New York City, USA",2022-01-12T10:00:00,30.5,23.0,14.9,51.81,0.0,0,0.0,0.0,8.0,220,1022.8,23.8,9.9,270,1.0,3
275,"New York City, USA",2022-01-12T11:00:00,32.8,25.7,15.8,49.21,0.0,0,0.0,0.0,8.3,237,1021.4,10.1,9.9,299,1.1,3
276,"New York City, USA",2022-01-12T12:00:00,34.9,28.1,16.8,47.25,0.0,0,0.0,0.0,8.5,230,1020.5,23.8,9.9,337,1.2,3
277,"New York City, USA",2022-01-12T13:00:00,37.6,32.1,16.8,42.43,0.0,0,0.0,0.0,7.3,240,1019.6,23.8,9.9,479,1.7,5
278,"New York City, USA",2022-01-12T14:00:00,38.8,33.2,17.5,41.63,0.0,0,0.0,0.0,7.8,240,1018.5,23.8,9.9,363,1.3,4
279,"New York City, USA",2022-01-12T15:00:00,39.8,34.2,17.7,40.55,0.0,0,0.0,0.0,8.4,255,1018.4,13.4,9.9,265,1.0,3
280,"New York City, USA",2022-01-12T16:00:00,39.5,34.8,17.7,41.05,0.0,0,0.0,0.0,6.5,257,1018.2,23.8,9.9,108,0.4,1
281,"New York City, USA",2022-01-12T17:00:00,39.2,35.8,18.8,43.53,0.0,0,0.0,0.0,4.6,227,1018.4,13.4,9.9,14,0.1,0
282,"New York City, USA",2022-01-12T18:00:00,38.3,33.8,19.1,45.69,0.0,0,0.0,0.0,5.8,230,1018.6,13.4,9.9,37,0.1,0
283,"New York City, USA",2022-01-12T19:00:00,38.5,33.9,19.1,45.26,0.0,0,0.0,0.0,6.1,239,1019.0,13.4,9.9,0,0.0,0
284,"New York City, USA",2022-01-12T20:00:00,38.9,33.6,19.1,44.53,0.0,0,0.0,0.0,7.5,229,1019.2,13.4,9.9,0,0.0,0
285,"New York City, USA",2022-01-12T21:00:00,38.0,33.2,20.0,47.93,0.0,0,0.0,0.0,6.3,237,1019.1,13.4,9.9,0,0.0,0
286,"New York City, USA",2022-01-12T22:00:00,37.4,32.2,19.8,48.68,0.0,0,0.0,0.0,6.6,200,1019.2,13.4,9.9,0,0.0,0
287,"New York City, USA",2022-01-12T23:00:00,37.9,34.3,18.8,45.84,0.0,0,0.0,0.0,4.6,270,1019.0,13.4,9.9,0,0.0,0
288,"New York City, USA",2022-01-13T00:00:00,37.4,37.4,19.1,47.33,0.0,0,0.0,0.0,0.0,0,1018.5,23.8,9.9,0,0.0,0
289,"New York City, USA",2022-01-13T01:00:00,37.4,37.4,19.8,48.68,0.0,0,0.0,0.0,0.0,0,1018.1,23.8,9.9,0,0.0,0
290,"New York City, USA",2022-01-13T02:00:00,35.5,35.5,20.3,53.57,0.0,0,0.0,0.0,0.9,46,1017.8,23.8,9.9,0,0.0,0
291,"New York City, USA",2022-01-13T03:00:00,35.3,35.3,23.0,60.44,0.0,0,0.0,0.0,1.9,303,1017.7,23.8,9.9,0,0.0,0
292,"New York City, USA",2022-01-13T04:00:00,35.3,31.9,24.5,64.44,0.0,0,0.0,0.0,4.0,83,1016.9,23.8,9.9,0,0.0,0
293,"New York City, USA",2022-01-13T05:00:00,35.5,35.5,25.2,66.05,0.0,0,0.0,0.0,0.9,295,1016.7,63.4,9.9,0,0.0,0
294,"New York City, USA",2022-01-13T06:00:00,36.8,36.8,24.8,61.52,0.0,0,0.0,0.0,0.0,0,1016.6,100.0,9.9,0,0.0,0
295,"New York City, USA",2022-01-13T07:00:00,35.6,35.6,23.9,61.92,0.0,0,0.0,0.0,2.5,319,1016.8,13.4,9.9,1,0.0,0
296,"New York City, USA",2022-01-13T08:00:00,35.9,33.2,24.9,64.13,0.0,0,0.0,0.0,3.4,310,1017.3,86.6,9.9,34,0.1,0
297,"New York City, USA",2022-01-13T09:00:00,37.6,37.6,24.7,59.26,0.0,0,0.0,0.0,1.3,15,1017.2,78.4,9.9,83,0.3,1
298,"New York City, USA",2022-01-13T10:00:00,40.4,37.8,25.6,55.11,0.0,0,0.0,0.0,4.0,55,1017.4,97.0,9.9,205,0.7,2
299,"New York City, USA",2022-01-13T11:00:00,42.2,42.2,26.6,53.81,0.0,0,0.0,0.0,1.3,23,1016.8,97.0,9.0,387,1.4,4
300,"New York City, USA",2022-01-13T12:00:00,45.3,43.2,26.3,47.12,0.0,0,0.0,0.0,4.3,38,1015.4,23.8,8.6,442,1.6,4
301,"New York City, USA",2022-01-13T13:00:00,46.9,43.7,25.6,43.04,0.0,0,0.0,0.0,6.4,60,1014.3,23.8,9.0,346,1.2,3
302,"New York City, USA",2022-01-13T14:00:00,47.1,43.6,25.8,43.06,0.0,0,0.0,0.0,7.2,57,1013.4,26.7,9.0,213,0.8,2
303,"New York City, USA",2022-01-13T15:00:00,46.0,43.1,27.1,47.48,0.0,0,0.0,0.0,5.6,85,1013.1,23.8,9.9,170,0.6,2
304,"New York City, USA",2022-01-13T16:00:00,44.2,41.9,28.6,53.97,0.0,0,0.0,0.0,4.3,82,1012.9,23.8,9.9,78,0.3,1
305,"New York City, USA",2022-01-13T17:00:00,41.0,37.7,30.8,66.81,0.0,0,0.0,0.0,4.9,60,1012.7,23.8,9.9,21,0.1,0
306,"New York City, USA",2022-01-13T18:00:00,41.0,37.5,31.0,67.46,0.0,0,0.0,0.0,5.2,43,1012.6,23.8,9.9,17,0.1,0
307,"New York City, USA",2022-01-13T19:00:00,39.8,35.3,31.7,72.46,0.0,0,0.0,0.0,6.4,33,1012.7,23.8,9.9,0,0.0,0
308,"New York City, USA",2022-01-13T20:00:00,40.1,35.8,31.7,71.59,0.0,0,0.0,0.0,6.1,63,1012.4,23.8,9.9,0,0.0,0
309,"New York City, USA",2022-01-13T21:00:00,40.1,35.8,32.5,74.07,0.0,0,0.0,0.0,6.1,50,1012.1,23.8,9.9,0,0.0,0
310,"New York City, USA",2022-01-13T22:00:00,40.7,37.0,32.0,70.94,0.0,0,0.0,0.0,5.3,47,1011.7,23.8,9.9,0,0.0,0
311,"New York City, USA",2022-01-13T23:00:00,41.0,37.2,32.0,70.1,0.0,0,0.0,0.0,5.6,15,1011.1,26.7,9.9,0,0.0,0
312,"New York City, USA",2022-01-14T00:00:00,39.5,35.9,31.5,72.74,0.0,0,0.0,0.0,5.0,35,1010.3,26.7,9.9,0,0.0,0
313,"New York City, USA",2022-01-14T01:00:00,40.1,37.2,31.5,70.9,0.0,0,0.0,0.0,4.3,35,1009.6,26.7,9.9,0,0.0,0
314,"New York City, USA",2022-01-14T02:00:00,40.1,35.1,32.5,74.07,0.0,0,0.0,0.0,7.3,30,1009.5,91.8,9.9,0,0.0,0
315,"New York City, USA",2022-01-14T03:00:00,40.1,35.7,35.3,82.75,0.0,0,0.0,0.0,6.4,10,1009.7,100.0,9.0,0,0.0,0
316,"New York City, USA",2022-01-14T04:00:00,40.1,36.9,35.1,81.97,0.0,0,0.0,0.0,4.6,360,1008.9,100.0,9.9,0,0.0,0
317,"New York City, USA",2022-01-14T05:00:00,40.1,37.2,34.1,78.75,0.0,0,0.0,0.0,4.3,3,1008.2,88.8,9.9,0,0.0,0
318,"New York City, USA",2022-01-14T06:00:00,40.1,34.0,33.2,75.96,0.0,0,0.0,0.0,9.5,22,1008.3,23.8,9.9,0,0.0,0
319,"New York City, USA",2022-01-14T07:00:00,39.5,33.7,32.3,75.27,0.0,0,0.0,0.0,8.5,15,1008.5,23.8,9.9,1,0.0,0
320,"New York City, USA",2022-01-14T08:00:00,39.5,34.6,29.9,68.38,0.0,0,0.0,0.0,6.9,360,1008.5,23.8,9.9,20,0.1,0
321,"New York City, USA",2022-01-14T09:00:00,39.5,32.4,28.1,63.53,0.0,0,0.0,0.0,11.5,7,1008.5,23.8,9.9,63,0.2,1
322,"New York City, USA",2022-01-14T10:00:00,41.3,35.2,29.9,63.72,0.0,0,0.0,0.0,10.2,350,1008.8,23.8,9.9,212,0.8,2
323,"New York City, USA",2022-01-14T11:00:00,42.2,36.0,29.9,61.62,0.0,0,0.0,0.0,10.7,350,1008.4,23.8,9.9,381,1.4,4
324,"New York City, USA",2022-01-14T12:00:00,42.2,33.7,28.4,57.82,0.0,0,0.0,0.0,18.4,357,1008.0,23.8,9.9,413,1.5,4
325,"New York City, USA",2022-01-14T13:00:00,41.0,32.9,28.1,59.93,0.0,0,0.0,0.0,15.8,7,1007.7,23.8,9.9,320,1.2,3
326,"New York City, USA",2022-01-14T14:00:00,40.1,32.4,27.0,59.06,0.0,0,0.0,0.0,13.7,22,1007.6,23.8,9.9,334,1.2,3
327,"New York City, USA",2022-01-14T15:00:00,39.8,31.9,26.1,57.59,0.0,0,0.0,0.0,14.1,5,1008.0,23.8,9.9,254,0.9,3
328,"New York City, USA",2022-01-14T16:00:00,39.6,32.6,25.8,57.49,0.0,0,0.0,0.0,11.2,350,1008.5,23.8,9.9,122,0.4,1
329,"New York City, USA",2022-01-14T17:00:00,36.3,27.7,24.2,61.13,0.0,0,0.0,0.0,13.1,12,1009.2,13.4,9.9,17,0.1,0
330,"New York City, USA",2022-01-14T18:00:00,34.3,25.6,23.0,62.84,0.0,0,0.0,0.0,12.3,2,1010.0,33.2,9.9,18,0.1,0
331,"New York City, USA",2022-01-14T19:00:00,32.5,23.2,20.9,61.92,0.0,0,0.0,0.0,12.7,7,1011.0,27.1,9.9,0,0.0,0
332,"New York City, USA",2022-01-14T20:00:00,31.1,24.0,19.1,60.69,0.0,0,0.0,0.0,7.7,340,1011.9,27.1,9.9,0,0.0,0
333,"New York City, USA",2022-01-14T21:00:00,29.3,19.0,18.0,62.31,0.0,0,0.0,0.0,12.8,27,1013.0,13.4,9.9,0,0.0,0
334,"New York City, USA",2022-01-14T22:00:00,27.0,17.1,15.2,60.63,0.0,0,0.0,0.0,10.7,3,1013.5,13.4,9.9,0,0.0,0
335,"New York City, USA",2022-01-14T23:00:00,24.4,13.0,11.5,57.42,0.0,0,0.0,0.0,12.6,345,1014.2,7.2,9.9,0,0.0,0
336,"New York City, USA",2022-01-15T00:00:00,21.5,8.6,9.3,58.8,0.0,0,0.0,0.0,13.9,9,1014.9,7.2,9.9,0,0.0,0
337,"New York City, USA",2022-01-15T01:00:00,20.0,8.8,9.0,61.67,0.0,0,0.0,0.0,10.2,353,1015.4,7.2,9.9,0,0.0,0
338,"New York City, USA",2022-01-15T02:00:00,18.5,7.4,6.7,59.29,0.0,0,0.0,0.0,9.4,350,1016.7,7.2,9.9,0,0.0,0
339,"New York City, USA",2022-01-15T03:00:00,17.6,5.1,3.4,52.99,0.0,0,0.0,0.0,11.2,311,1017.8,7.2,9.9,0,0.0,0
340,"New York City, USA",2022-01-15T04:00:00,15.7,3.4,1.3,52.39,0.0,0,0.0,0.0,10.1,328,1018.8,0.0,9.9,0,0.0,0
341,"New York City, USA",2022-01-15T05:00:00,14.5,5.6,0.3,52.62,0.0,0,0.0,0.0,5.9,350,1019.7,7.2,9.9,0,0.0,0
342,"New York City, USA",2022-01-15T06:00:00,13.5,1.6,0.5,55.64,0.0,0,0.0,0.0,8.8,350,1021.0,7.2,9.9,0,0.0,0
343,"New York City, USA",2022-01-15T07:00:00,12.5,0.0,-1.2,53.58,0.0,0,0.0,0.0,9.3,5,1022.3,7.2,9.9,1,0.0,0
344,"New York City, USA",2022-01-15T08:00:00,11.5,-1.0,-2.4,52.89,0.0,0,0.0,0.0,9.1,10,1023.4,7.2,9.9,27,0.1,0
345,"New York City, USA",2022-01-15T09:00:00,11.5,0.1,-3.5,50.18,0.0,0,0.0,0.0,7.7,10,1024.8,7.2,9.9,99,0.4,1
346,"New York City, USA",2022-01-15T10:00:00,12.5,0.7,-5.1,44.5,0.0,0,0.0,0.0,8.5,20,1025.6,7.2,9.9,295,1.1,3
347,"New York City, USA",2022-01-15T11:00:00,14.3,3.0,-6.3,38.83,0.0,0,0.0,0.0,8.3,340,1026.0,13.4,9.9,461,1.7,5
348,"New York City, USA",2022-01-15T12:00:00,17.1,5.3,-7.7,32.12,0.0,0,0.0,0.0,9.9,335,1025.9,13.4,9.9,492,1.8,5
349,"New York City, USA",2022-01-15T13:00:00,18.0,5.5,-7.7,30.89,0.0,0,0.0,0.0,11.4,20,1025.9,23.8,9.9,463,1.7,5
350,"New York City, USA",2022-01-15T14:00:00,19.8,9.6,-5.6,31.55,0.0,0,0.0,0.0,8.5,357,1025.7,23.8,9.9,251,0.9,3
351,"New York City, USA",2022-01-15T15:00:00,19.8,9.7,-4.7,32.98,0.0,0,0.0,0.0,8.4,15,1025.9,23.8,9.9,177,0.6,2
352,"New York City, USA",2022-01-15T16:00:00,19.4,11.3,-3.7,35.24,0.0,0,0.0,0.0,5.9,340,1026.4,23.8,9.9,82,0.3,1
353,"New York City, USA",2022-01-15T17:00:00,19.1,11.0,-3.2,36.51,0.0,0,0.0,0.0,5.9,360,1027.1,23.8,9.9,19,0.1,0
354,"New York City, USA",2022-01-15T18:00:00,18.3,8.3,-1.5,41.07,0.0,0,0.0,0.0,7.8,20,1027.8,43.6,9.9,18,0.1,0
355,"New York City, USA",2022-01-15T19:00:00,17.6,7.9,-2.4,40.49,0.0,0,0.0,0.0,7.3,10,1028.1,23.8,9.9,0,0.0,0
356,"New York City, USA",2022-01-15T20:00:00,16.3,5.7,-3.2,41.18,0.0,0,0.0,0.0,8.1,5,1028.9,23.8,9.9,0,0.0,0
357,"New York City, USA",2022-01-15T21:00:00,15.7,3.4,-2.9,42.86,0.0,0,0.0,0.0,10.1,27,1029.4,23.8,9.9,0,0.0,0
358,"New York City, USA",2022-01-15T22:00:00,13.7,3.4,-4.6,43.27,0.0,0,0.0,0.0,7.0,328,1029.7,7.2,9.9,0,0.0,0
359,"New York City, USA",2022-01-15T23:00:00,13.5,-1.1,-3.4,46.27,0.0,0,0.0,0.0,13.0,22,1029.8,0.0,9.9,0,0.0,0
360,"New York City, USA",2022-01-16T00:00:00,12.5,-1.3,-2.7,49.97,0.0,0,0.0,0.0,11.2,27,1030.2,0.0,9.9,0,0.0,0
361,"New York City, USA",2022-01-16T01:00:00,11.8,-1.2,-3.2,50.19,0.0,0,0.0,0.0,9.9,25,1029.1,0.0,9.9,0,0.0,0
362,"New York City, USA",2022-01-16T02:00:00,11.5,-0.6,-3.7,49.61,0.0,0,0.0,0.0,8.7,3,1030.0,0.0,9.9,0,0.0,0
363,"New York City, USA",2022-01-16T03:00:00,10.6,-1.7,-4.0,50.91,0.0,0,0.0,0.0,8.7,353,1029.8,0.0,9.9,0,0.0,0
364,"New York City, USA",2022-01-16T04:00:00,10.6,2.1,-3.2,52.93,0.0,0,0.0,0.0,4.9,10,1029.9,0.0,9.9,0,0.0,0
365,"New York City, USA",2022-01-16T05:00:00,10.4,-0.9,-2.3,55.96,0.0,0,0.0,0.0,7.3,17,1029.6,0.0,9.9,0,0.0,0
366,"New York City, USA",2022-01-16T06:00:00,10.8,0.0,-1.6,56.67,0.0,0,0.0,0.0,6.9,27,1029.9,0.0,9.9,0,0.0,0
367,"New York City, USA",2022-01-16T07:00:00,10.8,-0.3,-5.4,47.28,0.0,0,0.0,0.0,7.2,37,1030.0,7.2,9.9,2,0.0,0
368,"New York City, USA",2022-01-16T08:00:00,11.0,0.9,-3.7,50.68,0.0,0,0.0,0.0,6.3,40,1030.2,7.2,9.9,28,0.1,0
369,"New York City, USA",2022-01-16T09:00:00,12.8,4.4,1.0,58.55,0.0,0,0.0,0.0,5.2,51,1030.5,39.1,9.9,98,0.4,1
370,"New York City, USA",2022-01-16T10:00:00,16.1,8.4,3.8,57.87,0.0,0,0.0,0.0,5.0,18,1030.2,97.0,9.9,166,0.6,2
371,"New York City, USA",2022-01-16T11:00:00,19.3,9.0,6.6,57.17,0.0,0,0.0,0.0,8.5,43,1028.5,88.8,9.9,372,1.3,4
372,"New York City, USA",2022-01-16T12:00:00,21.7,12.1,9.0,57.46,0.0,0,0.0,0.0,8.3,41,1027.3,88.8,9.9,350,1.3,4
373,"New York City, USA",2022-01-16T13:00:00,23.9,16.4,12.1,60.42,0.0,0,0.0,0.0,6.2,40,1025.9,97.0,9.9,219,0.8,2
374,"New York City, USA",2022-01-16T14:00:00,25.1,16.4,16.3,69.02,0.0,0,0.0,0.0,8.0,40,1024.9,90.7,9.9,168,0.6,2
375,"New York City, USA",2022-01-16T15:00:00,25.3,15.4,18.3,74.23,0.0,0,0.0,0.0,10.2,47,1023.5,62.3,9.9,106,0.4,1
376,"New York City, USA",2022-01-16T16:00:00,27.0,14.6,20.4,76.09,0.0,0,0.0,0.0,16.4,60,1021.5,90.7,9.9,34,0.1,0
377,"New York City, USA",2022-01-16T17:00:00,29.4,20.2,23.0,76.65,0.0,0,0.0,0.0,10.6,75,1021.2,100.0,9.9,9,0.0,0
378,"New York City, USA",2022-01-16T18:00:00,31.1,22.0,23.0,71.46,0.0,0,0.0,0.0,11.4,75,1019.8,100.0,9.9,29,0.1,0
379,"New York City, USA",2022-01-16T19:00:00,32.5,24.4,24.8,72.94,0.0,0,0.0,0.0,10.1,66,1018.7,100.0,4.1,0,0.0,0
380,"New York City, USA",2022-01-16T20:00:00,31.1,20.6,28.5,89.75,0.02,100,0.0,0.16,14.6,56,1016.4,100.0,1.0,0,0.0,0
381,"New York City, USA",2022-01-16T21:00:00,32.3,22.4,29.7,89.97,0.034,100,0.0,0.39,13.9,67,1013.9,100.0,1.4,0,0.0,0
382,"New York City, USA",2022-01-16T22:00:00,33.4,24.7,30.8,90.13,0.072,100,0.0,0.39,11.6,57,1011.7,100.0,2.7,0,0.0,0
383,"New York City, USA",2022-01-16T23:00:00,35.3,24.8,33.2,91.8,0.093,100,0.0,0.24,18.2,60,1008.2,100.0,4.6,0,0.0,0
384,"New York City, USA",2022-01-17T00:00:00,37.9,29.5,35.1,89.62,0.132,100,0.0,0.04,13.6,70,1004.6,100.0,3.9,0,0.0,0
385,"New York City, USA",2022-01-17T01:00:00,38.8,30.3,37.1,93.59,0.169,100,0.0,0.0,15.2,55,1000.8,100.0,3.2,0,0.0,0
386,"New York City, USA",2022-01-17T02:00:00,39.8,30.7,37.4,90.95,0.159,100,0.0,0.0,18.3,63,996.4,100.0,3.2,0,0.0,0
387,"New York City, USA",2022-01-17T03:00:00,39.5,29.4,37.5,92.48,0.1,100,0.0,0.0,21.7,64,992.3,100.0,3.7,0,0.0,0
388,"New York City, USA",2022-01-17T04:00:00,40.1,30.3,38.0,92.1,0.244,100,0.0,0.0,21.4,60,991.2,100.0,1.9,0,0.0,0
389,"New York City, USA",2022-01-17T05:00:00,40.1,32.4,38.4,93.51,0.19,100,0.0,0.0,13.9,58,988.2,100.0,2.3,0,0.0,0
390,"New York City, USA",2022-01-17T06:00:00,42.5,39.0,40.1,91.08,0.02,100,0.0,0.0,5.5,120,986.5,94.8,8.2,0,0.0,0
391,"New York City, USA",2022-01-17T07:00:00,44.3,38.6,36.8,74.79,0.0,0,0.0,0.0,11.0,170,985.9,100.0,9.9,0,0.0,0
392,"New York City, USA",2022-01-17T08:00:00,42.7,37.5,34.8,73.52,0.0,0,0.0,0.0,8.8,200,985.6,97.0,9.9,17,0.1,0
393,"New York City, USA",2022-01-17T09:00:00,41.3,36.1,34.6,76.79,0.004,100,0.0,0.0,8.0,210,985.9,97.0,6.3,22,0.1,0
394,"New York City, USA",2022-01-17T10:00:00,39.5,31.6,33.8,80.02,0.015,100,0.0,0.0,13.6,207,985.6,97.0,9.9,92,0.3,1
395,"New York City, USA",2022-01-17T11:00:00,38.8,33.6,32.0,76.25,0.0,0,0.0,0.0,7.2,240,985.5,88.8,9.9,112,0.4,1
396,"New York City, USA",2022-01-17T12:00:00,38.3,30.8,30.3,72.92,0.0,0,0.0,0.0,11.8,217,985.0,100.0,9.9,30,0.1,0
397,"New York City, USA",2022-01-17T13:00:00,37.4,30.0,29.7,73.54,0.0,0,0.0,0.0,10.8,247,984.9,100.0,9.9,43,0.2,0
398,"New York City, USA",2022-01-17T14:00:00,36.5,27.0,29.0,74.01,0.0,0,0.0,0.0,16.2,240,985.5,100.0,9.9,50,0.2,1
399,"New York City, USA",2022-01-17T15:00:00,37.4,30.3,27.8,68.13,0.0,0,0.0,0.0,10.2,228,986.4,97.0,9.9,38,0.1,0
400,"New York City, USA",2022-01-17T16:00:00,37.4,27.5,26.7,65.15,0.0,0,0.0,0.0,18.3,240,986.9,100.0,9.9,19,0.1,0
401,"New York City, USA",2022-01-17T17:00:00,36.5,28.6,26.7,67.36,0.0,0,0.0,0.0,11.6,230,987.8,100.0,8.7,6,0.0,0
402,"New York City, USA",2022-01-17T18:00:00,35.6,27.0,27.8,72.99,0.0,0,0.0,0.0,12.8,257,988.9,100.0,4.4,21,0.1,0
403,"New York City, USA",2022-01-17T19:00:00,36.5,29.2,25.1,62.87,0.009,100,0.0,0.0,10.3,260,990.5,100.0,9.6,0,0.0,0
404,"New York City, USA",2022-01-17T20:00:00,36.3,32.7,25.8,65.44,0.0,0,0.0,0.0,4.3,322,991.6,100.0,9.9,0,0.0,0
405,"New York City, USA",2022-01-17T21:00:00,35.6,26.6,24.8,64.5,0.0,0,0.0,0.0,13.9,260,992.4,100.0,9.6,0,0.0,0
406,"New York City, USA",2022-01-17T22:00:00,35.6,26.2,20.9,54.75,0.0,0,0.0,0.0,15.1,287,993.5,97.0,9.9,0,0.0,0
407,"New York City, USA",2022-01-17T23:00:00,34.6,24.8,19.1,52.86,0.0,0,0.0,0.0,15.4,283,995.4,100.0,9.9,0,0.0,0
408,"New York City, USA",2022-01-18T00:00:00,34.3,24.8,20.0,55.46,0.0,0,0.0,0.0,14.3,283,996.5,100.0,9.9,0,0.0,0
409,"New York City, USA",2022-01-18T01:00:00,34.3,25.2,19.1,53.37,0.0,0,0.0,0.0,13.3,285,997.6,97.0,9.9,0,0.0,0
410,"New York City, USA",2022-01-18T02:00:00,33.7,23.2,19.1,54.79,0.0,0,0.0,0.0,16.5,293,999.4,100.0,9.9,0,0.0,0
411,"New York City, USA",2022-01-18T03:00:00,31.5,20.1,14.3,48.62,0.0,0,0.0,0.0,17.4,275,1001.5,33.2,9.9,0,0.0,0
412,"New York City, USA",2022-01-18T04:00:00,30.5,19.4,13.1,48.06,0.0,0,0.0,0.0,15.7,275,1002.6,33.2,9.9,0,0.0,0
413,"New York City, USA",2022-01-18T05:00:00,31.5,20.8,14.9,49.81,0.0,0,0.0,0.0,15.1,290,1003.9,63.4,9.9,0,0.0,0
414,"New York City, USA",2022-01-18T06:00:00,31.1,20.6,16.1,53.19,0.0,0,0.0,0.0,14.8,303,1005.5,100.0,9.9,0,0.0,0
415,"New York City, USA",2022-01-18T07:00:00,30.5,20.9,17.1,57.06,0.0,0,0.0,0.0,12.0,293,1007.4,60.4,9.9,1,0.0,0
416,"New York City, USA",2022-01-18T08:00:00,31.1,21.9,17.7,57.16,0.0,0,0.0,0.0,11.5,293,1008.7,97.0,9.9,29,0.1,0
417,"New York City, USA",2022-01-18T09:00:00,32.5,23.3,17.3,53.05,0.0,0,0.0,0.0,12.4,283,1009.8,33.2,9.9,114,0.4,1
418,"New York City, USA",2022-01-18T10:00:00,33.7,24.4,15.2,46.18,0.0,0,0.0,0.0,13.1,283,1010.9,78.4,9.9,222,0.8,2
419,"New York City, USA",2022-01-18T11:00:00,35.3,24.9,13.5,40.14,0.0,0,0.0,0.0,17.9,303,1011.6,97.0,9.9,247,0.9,2
420,"New York City, USA",2022-01-18T12:00:00,35.3,26.3,12.2,37.93,0.0,0,0.0,0.0,13.6,303,1011.8,97.0,9.9,410,1.5,4
421,"New York City, USA",2022-01-18T13:00:00,36.0,28.4,15.4,42.6,0.0,0,0.0,0.0,10.6,330,1012.4,88.8,9.9,396,1.4,4
422,"New York City, USA",2022-01-18T14:00:00,36.5,28.6,11.0,34.38,0.0,0,0.0,0.0,11.6,290,1013.4,33.2,9.9,464,1.7,5
423,"New York City, USA",2022-01-18T15:00:00,36.5,26.5,11.3,34.75,0.0,0,0.0,0.0,17.7,307,1014.4,78.4,9.9,344,1.2,3
424,"New York City, USA",2022-01-18T16:00:00,36.3,27.1,11.5,35.45,0.0,0,0.0,0.0,14.9,295,1015.5,33.2,9.9,153,0.6,2
425,"New York City, USA",2022-01-18T17:00:00,34.6,26.2,11.8,38.46,0.0,0,0.0,0.0,11.6,295,1017.1,27.1,9.9,18,0.1,0
426,"New York City, USA",2022-01-18T18:00:00,33.4,26.1,12.2,40.92,0.0,0,0.0,0.0,8.9,310,1018.6,7.2,9.9,19,0.1,0
427,"New York City, USA",2022-01-18T19:00:00,32.5,23.8,12.2,42.37,0.0,0,0.0,0.0,11.2,308,1019.8,0.0,9.9,0,0.0,0
428,"New York City, USA",2022-01-18T20:00:00,31.5,23.7,13.1,46.2,0.0,0,0.0,0.0,8.8,320,1020.3,0.0,9.9,0,0.0,0
429,"New York City, USA",2022-01-18T21:00:00,31.1,26.4,14.0,48.57,0.0,0,0.0,0.0,4.6,310,1020.7,0.0,9.9,0,0.0,0
430,"New York City, USA",2022-01-18T22:00:00,30.5,24.1,14.0,49.88,0.0,0,0.0,0.0,6.4,320,1021.3,0.0,9.9,0,0.0,0
431,"New York City, USA",2022-01-18T23:00:00,30.2,30.2,14.0,50.51,0.0,0,0.0,0.0,2.5,319,1021.6,0.0,9.9,0,0.0,0
432,"New York City, USA",2022-01-19T00:00:00,30.5,30.5,14.3,50.58,0.0,0,0.0,0.0,0.0,0,1021.7,0.0,9.9,0,0.0,0
433,"New York City, USA",2022-01-19T01:00:00,29.3,29.3,14.9,54.42,0.0,0,0.0,0.0,0.0,0,1021.6,0.0,9.9,0,0.0,0
434,"New York City, USA",2022-01-19T02:00:00,30.6,30.6,15.8,53.82,0.0,0,0.0,0.0,1.3,57,1021.6,0.0,9.9,0,0.0,0
435,"New York City, USA",2022-01-19T03:00:00,29.9,25.3,17.5,59.34,0.0,0,0.0,0.0,4.3,89,1021.7,23.8,9.9,0,0.0,0
436,"New York City, USA",2022-01-19T04:00:00,30.8,26.7,18.0,58.48,0.0,0,0.0,0.0,4.0,190,1021.2,23.8,9.9,0,0.0,0
437,"New York City, USA",2022-01-19T05:00:00,32.0,26.4,19.4,59.26,0.0,0,0.0,0.0,5.8,232,1020.9,26.7,9.9,0,0.0,0
438,"New York City, USA",2022-01-19T06:00:00,33.2,27.5,19.4,56.5,0.0,0,0.0,0.0,6.1,180,1020.5,43.6,9.9,0,0.0,0
439,"New York City, USA",2022-01-19T07:00:00,34.3,28.3,18.8,52.67,0.0,0,0.0,0.0,7.0,210,1020.4,23.8,9.9,1,0.0,0
440,"New York City, USA",2022-01-19T08:00:00,35.3,29.5,20.7,54.86,0.0,0,0.0,0.0,7.0,181,1020.2,100.0,9.9,13,0.0,0
441,"New York City, USA",2022-01-19T09:00:00,37.1,30.8,21.8,53.59,0.0,0,0.0,0.0,8.6,200,1020.3,88.8,9.9,56,0.2,1
442,"New York City, USA",2022-01-19T10:00:00,38.3,31.8,22.7,53.1,0.0,0,0.0,0.0,9.3,193,1019.3,23.8,9.9,113,0.4,1
443,"New York City, USA",2022-01-19T11:00:00,40.1,34.0,24.2,52.56,0.0,0,0.0,0.0,9.6,225,1018.4,23.8,9.9,141,0.5,1
444,"New York City, USA",2022-01-19T12:00:00,42.2,35.8,25.1,50.45,0.0,0,0.0,0.0,11.4,200,1016.7,23.8,9.9,210,0.8,2
445,"New York City, USA",2022-01-19T13:00:00,45.3,38.9,22.7,40.52,0.0,0,0.0,0.0,13.9,210,1015.4,23.8,9.9,365,1.3,4
446,"New York City, USA",2022-01-19T14:00:00,48.2,43.2,21.6,34.72,0.0,0,0.0,0.0,11.8,239,1014.2,23.8,9.9,423,1.5,4
447,"New York City, USA",2022-01-19T15:00:00,49.1,45.4,22.7,35.05,0.0,0,0.0,0.0,8.8,230,1014.3,13.4,9.9,308,1.1,3
448,"New York City, USA",2022-01-19T16:00:00,49.1,45.2,23.5,36.35,0.0,0,0.0,0.0,9.4,220,1013.8,13.4,9.9,139,0.5,1
449,"New York City, USA",2022-01-19T17:00:00,48.5,44.7,24.5,38.8,0.0,0,0.0,0.0,8.6,225,1013.7,13.4,9.9,26,0.1,0
450,"New York City, USA",2022-01-19T18:00:00,48.2,44.0,24.8,39.77,0.0,0,0.0,0.0,9.5,210,1014.0,13.4,9.9,20,0.1,0
451,"New York City, USA",2022-01-19T19:00:00,47.5,43.9,24.8,40.77,0.0,0,0.0,0.0,7.5,225,1014.6,23.8,9.9,0,0.0,0
452,"New York City, USA",2022-01-19T20:00:00,47.9,42.4,25.1,40.54,0.0,0,0.0,0.0,13.6,215,1014.6,23.8,9.9,0,0.0,0
453,"New York City, USA",2022-01-19T21:00:00,47.3,41.4,25.8,42.85,0.0,0,0.0,0.0,13.9,220,1014.7,26.7,9.9,0,0.0,0
454,"New York City, USA",2022-01-19T22:00:00,47.3,42.8,26.7,44.52,0.0,0,0.0,0.0,9.5,232,1014.6,26.7,9.9,0,0.0,0
455,"New York City, USA",2022-01-19T23:00:00,46.4,42.0,27.0,46.52,0.0,0,0.0,0.0,8.9,242,1014.9,91.8,9.9,0,0.0,0
456,"New York City, USA",2022-01-20T00:00:00,45.5,41.0,26.7,47.56,0.0,0,0.0,0.0,8.7,235,1014.5,88.8,9.9,0,0.0,0
457,"New York City, USA",2022-01-20T01:00:00,45.5,42.3,26.7,47.56,0.0,0,0.0,0.0,6.1,225,1014.0,100.0,9.9,0,0.0,0
458,"New York City, USA",2022-01-20T02:00:00,45.5,42.1,26.1,46.28,0.0,0,0.0,0.0,6.3,227,1013.9,100.0,9.9,0,0.0,0
459,"New York City, USA",2022-01-20T03:00:00,45.5,41.0,26.7,47.56,0.0,0,0.0,0.0,8.7,225,1015.1,100.0,9.9,0,0.0,0
460,"New York City, USA",2022-01-20T04:00:00,42.7,36.8,32.3,66.51,0.007,100,0.0,0.0,10.5,293,1015.7,100.0,5.5,0,0.0,0
461,"New York City, USA",2022-01-20T05:00:00,40.1,37.1,35.9,84.79,0.043,100,0.0,0.0,4.5,270,1015.8,100.0,6.7,0,0.0,0
462,"New York City, USA",2022-01-20T06:00:00,40.5,35.7,36.6,85.93,0.033,100,0.0,0.0,6.9,270,1015.5,100.0,7.7,0,0.0,0
463,"New York City, USA",2022-01-20T07:00:00,40.1,40.1,36.6,87.0,0.019,100,0.0,0.0,2.2,329,1016.8,100.0,7.2,0,0.0,0
464,"New York City, USA",2022-01-20T08:00:00,38.3,30.5,33.8,83.89,0.042,100,0.0,0.0,12.4,310,1018.2,100.0,3.7,7,0.0,0
465,"New York City, USA",2022-01-20T09:00:00,35.6,28.9,31.7,85.39,0.038,100,0.0,0.0,8.7,353,1019.2,100.0,3.2,13,0.0,0
466,"New York City, USA",2022-01-20T10:00:00,33.7,29.1,30.6,88.3,0.033,100,0.0,0.0,4.9,360,1020.5,100.0,1.4,31,0.1,0
467,"New York City, USA",2022-01-20T11:00:00,32.5,23.1,29.9,89.98,0.023,100,0.0,0.0,12.8,350,1020.6,100.0,1.4,66,0.2,1
468,"New York City, USA",2022-01-20T12:00:00,32.7,25.1,29.6,88.03,0.003,100,0.0,0.0,9.2,315,1021.0,100.0,2.6,156,0.6,2
469,"New York City, USA",2022-01-20T13:00:00,33.7,28.6,25.3,71.18,0.0,0,0.0,0.0,5.5,340,1020.6,100.0,9.9,194,0.7,2
470,"New York City, USA",2022-01-20T14:00:00,34.3,27.3,21.5,58.98,0.0,0,0.0,0.0,8.7,308,1020.9,97.0,9.9,165,0.6,2
471,"New York City, USA",2022-01-20T15:00:00,34.3,29.6,18.5,52.0,0.0,0,0.0,0.0,5.2,340,1021.1,23.8,9.9,150,0.5,2
472,"New York City, USA",2022-01-20T16:00:00,33.7,26.4,15.9,47.71,0.0,0,0.0,0.0,8.8,320,1021.8,23.8,9.9,84,0.3,1
473,"New York City, USA",2022-01-20T17:00:00,33.7,25.7,12.2,40.49,0.0,0,0.0,0.0,10.3,340,1022.7,23.8,9.9,28,0.1,0
474,"New York City, USA",2022-01-20T18:00:00,32.5,24.6,10.6,39.54,0.0,0,0.0,0.0,9.7,313,1024.0,19.3,9.9,27,0.1,0
475,"New York City, USA",2022-01-20T19:00:00,30.5,20.5,10.0,41.83,0.0,0,0.0,0.0,12.8,355,1025.3,23.8,9.9,0,0.0,0
476,"New York City, USA",2022-01-20T20:00:00,29.0,19.1,9.3,42.96,0.0,0,0.0,0.0,11.8,10,1026.3,23.8,9.9,0,0.0,0
477,"New York City, USA",2022-01-20T21:00:00,27.3,16.0,6.7,41.04,0.0,0,0.0,0.0,13.9,350,1027.0,23.8,9.9,0,0.0,0
478,"New York City, USA",2022-01-20T22:00:00,26.3,16.9,6.7,42.71,0.0,0,0.0,0.0,9.6,15,1027.9,13.4,9.9,0,0.0,0
479,"New York City, USA",2022-01-20T23:00:00,24.4,14.0,5.3,43.41,0.0,0,0.0,0.0,10.5,347,1028.9,13.4,9.9,0,0.0,0
480,"New York City, USA",2022-01-21T00:00:00,23.0,11.8,5.3,46.08,0.0,0,0.0,0.0,11.3,17,1029.2,13.4,9.9,0,0.0,0
481,"New York City, USA",2022-01-21T01:00:00,20.5,7.5,2.1,44.11,0.0,0,0.0,0.0,13.6,353,1029.8,13.4,9.9,0,0.0,0
482,"New York City, USA",2022-01-21T02:00:00,19.4,6.2,1.3,44.64,0.0,0,0.0,0.0,13.4,3,1029.8,23.8,9.9,0,0.0,0
483,"New York City, USA",2022-01-21T03:00:00,17.6,5.6,-0.4,44.44,0.0,0,0.0,0.0,10.4,32,1030.3,23.8,9.9,0,0.0,0
484,"New York City, USA",2022-01-21T04:00:00,16.6,5.9,-0.7,45.88,0.0,0,0.0,0.0,8.3,10,1030.6,23.8,9.9,0,0.0,0
485,"New York City, USA",2022-01-21T05:00:00,15.7,2.5,-0.4,48.34,0.0,0,0.0,0.0,11.6,348,1031.2,23.8,9.9,0,0.0,0
486,"New York City, USA",2022-01-21T06:00:00,15.4,2.8,-1.2,47.12,0.0,0,0.0,0.0,10.5,22,1031.9,23.8,9.9,0,0.0,0
487,"New York City, USA",2022-01-21T07:00:00,14.3,2.0,-2.7,46.13,0.0,0,0.0,0.0,9.7,20,1033.2,23.8,9.9,1,0.0,0
488,"New York City, USA",2022-01-21T08:00:00,14.3,4.0,-2.0,47.6,0.0,0,0.0,0.0,7.2,10,1034.1,23.8,9.9,37,0.1,0
489,"New York City, USA",2022-01-21T09:00:00,14.5,0.2,-2.2,46.57,0.0,0,0.0,0.0,13.0,5,1035.0,23.8,9.9,115,0.4,1
490,"New York City, USA",2022-01-21T10:00:00,15.7,2.3,-1.7,45.44,0.0,0,0.0,0.0,11.8,343,1035.2,23.8,9.9,173,0.6,2
491,"New York City, USA",2022-01-21T11:00:00,15.9,3.7,-2.1,44.09,0.0,0,0.0,0.0,10.1,341,1035.2,23.8,9.9,457,1.6,5
492,"New York City, USA",2022-01-21T12:00:00,19.1,7.2,-0.7,41.11,0.0,0,0.0,0.0,10.9,44,1034.4,23.8,9.9,503,1.8,5
493,"New York City, USA",2022-01-21T13:00:00,19.6,7.9,-1.2,39.32,0.0,0,0.0,0.0,10.7,357,1033.6,23.8,9.9,509,1.8,5
494,"New York City, USA",2022-01-21T14:00:00,20.5,12.4,-0.4,39.28,0.0,0,0.0,0.0,6.2,350,1033.2,13.4,9.9,462,1.7,5
495,"New York City, USA",2022-01-21T15:00:00,21.2,17.0,0.3,39.39,0.0,0,0.0,0.0,3.1,356,1033.3,23.8,9.9,296,1.1,3
496,"New York City, USA",2022-01-21T16:00:00,21.5,9.9,-0.1,38.18,0.0,0,0.0,0.0,11.4,350,1033.6,23.8,9.9,124,0.4,1
497,"New York City, USA",2022-01-21T17:00:00,20.5,12.7,-1.5,37.34,0.0,0,0.0,0.0,5.9,350,1033.9,23.8,9.9,28,0.1,0
498,"New York City, USA",2022-01-21T18:00:00,20.5,11.6,-1.2,37.84,0.0,0,0.0,0.0,7.0,360,1034.6,23.8,9.9,24,0.1,0
499,"New York City, USA",2022-01-21T19:00:00,20.3,10.2,-0.3,39.94,0.0,0,0.0,0.0,8.5,360,1034.3,23.8,9.9,0,0.0,0
500,"New York City, USA",2022-01-21T20:00:00,20.3,11.6,-0.9,38.72,0.0,0,0.0,0.0,6.7,360,1034.9,23.8,9.9,0,0.0,0
501,"New York City, USA",2022-01-21T21:00:00,20.0,10.1,1.2,43.3,0.0,0,0.0,0.0,8.1,20,1034.4,23.8,9.9,0,0.0,0
502,"New York City, USA",2022-01-21T22:00:00,19.4,6.7,0.3,42.53,0.0,0,0.0,0.0,12.4,30,1034.4,23.8,9.9,0,0.0,0
503,"New York City, USA",2022-01-21T23:00:00,19.4,7.3,-2.4,37.57,0.0,0,0.0,0.0,11.2,30,1033.9,26.7,9.9,0,0.0,0
504,"New York City, USA",2022-01-22T00:00:00,18.3,7.2,-1.7,40.6,0.0,0,0.0,0.0,9.3,30,1033.8,26.7,9.9,0,0.0,0
505,"New York City, USA",2022-01-22T01:00:00,17.6,5.5,-1.5,42.25,0.0,0,0.0,0.0,10.6,32,1033.1,26.7,9.9,0,0.0,0
506,"New York City, USA",2022-01-22T02:00:00,16.6,3.9,-2.4,42.36,0.0,0,0.0,0.0,11.1,27,1032.1,23.8,9.9,0,0.0,0
507,"New York City, USA",2022-01-22T03:00:00,15.7,2.7,-2.4,44.04,0.0,0,0.0,0.0,11.2,25,1031.4,13.4,9.9,0,0.0,0
508,"New York City, USA",2022-01-22T04:00:00,14.5,2.7,-1.7,47.75,0.0,0,0.0,0.0,9.2,17,1030.6,13.4,9.9,0,0.0,0
509,"New York City, USA",2022-01-22T05:00:00,14.0,1.2,0.5,54.31,0.0,0,0.0,0.0,10.3,360,1030.3,7.2,9.9,0,0.0,0
510,"New York City, USA",2022-01-22T06:00:00,14.0,1.8,0.2,53.58,0.0,0,0.0,0.0,9.5,25,1030.3,7.2,9.9,4,0.0,0
511,"New York City, USA",2022-01-22T07:00:00,14.0,6.0,0.5,54.31,0.0,0,0.0,0.0,4.9,350,1030.9,13.4,9.9,1,0.0,0
512,"New York City, USA",2022-01-22T08:00:00,14.3,9.2,1.2,55.44,0.0,0,0.0,0.0,3.1,356,1031.2,13.4,9.9,27,0.1,0
513,"New York City, USA",2022-01-22T09:00:00,17.1,7.6,3.1,53.52,0.0,0,0.0,0.0,6.9,44,1030.3,7.2,9.9,126,0.5,1
514,"New York City, USA",2022-01-22T10:00:00,19.4,11.9,4.4,51.62,0.0,0,0.0,0.0,5.3,360,1030.5,7.2,9.9,308,1.1,3
515,"New York City, USA",2022-01-22T11:00:00,20.8,13.3,7.2,55.17,0.0,0,0.0,0.0,5.6,350,1029.9,7.2,9.9,485,1.7,5
516,"New York City, USA",2022-01-22T12:00:00,25.3,17.5,7.8,46.8,0.0,0,0.0,0.0,6.9,30,1027.5,7.2,9.9,539,1.9,5
517,"New York City, USA",2022-01-22T13:00:00,27.3,21.5,9.8,47.27,0.0,0,0.0,0.0,5.0,33,1026.2,7.2,9.9,533,1.9,5
518,"New York City, USA",2022-01-22T14:00:00,29.0,23.7,10.6,45.59,0.0,0,0.0,0.0,4.9,26,1024.9,7.2,9.9,465,1.7,5
519,"New York City, USA",2022-01-22T15:00:00,29.3,25.3,11.5,46.98,0.0,0,0.0,0.0,3.7,50,1024.6,7.2,9.9,348,1.3,3
520,"New York City, USA",2022-01-22T16:00:00,29.3,29.3,10.6,45.14,0.0,0,0.0,0.0,1.3,15,1023.4,23.8,9.9,183,0.7,2
521,"New York City, USA",2022-01-22T17:00:00,28.4,23.1,9.1,43.79,0.0,0,0.0,0.0,4.7,352,1022.7,23.8,9.9,20,0.1,0
522,"New York City, USA",2022-01-22T18:00:00,28.4,28.4,8.9,43.32,0.0,0,0.0,0.0,0.9,27,1022.2,23.8,9.9,1,0.0,0
523,"New York City, USA",2022-01-22T19:00:00,27.5,27.5,9.5,46.19,0.0,0,0.0,0.0,1.6,54,1021.9,23.8,9.9,0,0.0,0
524,"New York City, USA",2022-01-22T20:00:00,27.3,20.0,9.3,46.28,0.0,0,0.0,0.0,6.8,227,1021.5,23.8,9.9,0,0.0,0
525,"New York City, USA",2022-01-22T21:00:00,27.5,20.8,9.0,45.07,0.0,0,0.0,0.0,6.1,210,1020.7,23.8,9.9,0,0.0,0
526,"New York City, USA",2022-01-22T22:00:00,27.3,19.1,7.2,42.07,0.0,0,0.0,0.0,8.1,232,1019.9,23.8,9.9,0,0.0,0
527,"New York City, USA",2022-01-22T23:00:00,27.3,20.0,4.1,36.54,0.0,0,0.0,0.0,6.7,210,1019.0,43.6,9.9,0,0.0,0
528,"New York City, USA",2022-01-23T00:00:00,26.6,18.2,4.7,38.48,0.0,0,0.0,0.0,8.1,220,1018.3,60.4,9.9,0,0.0,0
529,"New York City, USA",2022-01-23T01:00:00,26.6,16.1,2.7,35.12,0.0,0,0.0,0.0,11.8,250,1017.8,88.8,9.9,0,0.0,0
530,"New York City, USA",2022-01-23T02:00:00,26.6,18.8,1.5,33.2,0.0,0,0.0,0.0,7.3,230,1017.4,100.0,9.9,0,0.0,0
531,"New York City, USA",2022-01-23T03:00:00,25.9,16.2,1.8,34.68,0.0,0,0.0,0.0,9.9,247,1016.9,91.8,9.9,0,0.0,0
532,"New York City, USA",2022-01-23T04:00:00,25.9,17.3,2.4,35.76,0.0,0,0.0,0.0,8.1,260,1016.0,88.8,9.9,0,0.0,0
533,"New York City, USA",2022-01-23T05:00:00,25.6,18.7,2.4,36.22,0.0,0,0.0,0.0,5.9,240,1015.5,13.4,9.9,0,0.0,0
534,"New York City, USA",2022-01-23T06:00:00,24.9,15.9,2.7,37.69,0.0,0,0.0,0.0,8.5,245,1015.4,0.0,9.9,0,0.0,0
535,"New York City, USA",2022-01-23T07:00:00,24.7,17.1,3.6,39.69,0.0,0,0.0,0.0,6.5,260,1015.6,13.4,9.9,2,0.0,0
536,"New York City, USA",2022-01-23T08:00:00,26.1,18.4,6.2,42.05,0.0,0,0.0,0.0,7.0,250,1014.9,23.8,9.9,37,0.1,0
537,"New York City, USA",2022-01-23T09:00:00,27.8,20.4,7.3,41.45,0.0,0,0.0,0.0,6.9,233,1014.2,88.8,9.9,84,0.3,1
538,"New York City, USA",2022-01-23T10:00:00,28.6,22.6,8.1,41.39,0.0,0,0.0,0.0,5.5,260,1013.7,97.0,9.9,164,0.6,2
539,"New York City, USA",2022-01-23T11:00:00,30.5,23.4,9.0,39.94,0.0,0,0.0,0.0,7.3,260,1013.2,88.8,9.9,397,1.4,4
540,"New York City, USA",2022-01-23T12:00:00,33.4,28.0,10.8,38.49,0.0,0,0.0,0.0,5.9,250,1012.0,23.8,9.9,539,1.9,5
541,"New York City, USA",2022-01-23T13:00:00,36.0,36.0,11.4,35.79,0.0,0,0.0,0.0,2.2,326,1010.5,19.3,9.9,510,1.8,5
542,"New York City, USA",2022-01-23T14:00:00,36.3,31.7,10.8,34.33,0.0,0,0.0,0.0,5.5,240,1009.4,55.9,9.9,326,1.2,3
543,"New York City, USA",2022-01-23T15:00:00,36.5,28.2,10.4,33.38,0.0,0,0.0,0.0,12.8,230,1009.0,97.0,9.9,199,0.7,2
544,"New York City, USA",2022-01-23T16:00:00,36.3,29.6,11.7,35.73,0.0,0,0.0,0.0,9.0,263,1008.5,88.8,9.9,149,0.5,1
545,"New York City, USA",2022-01-23T17:00:00,35.6,31.2,13.4,39.62,0.0,0,0.0,0.0,5.2,240,1008.3,100.0,9.9,20,0.1,0
546,"New York City, USA",2022-01-23T18:00:00,35.3,28.9,15.0,43.04,0.0,0,0.0,0.0,8.0,236,1008.6,100.0,9.9,1,0.0,0
547,"New York City, USA",2022-01-23T19:00:00,33.7,26.9,19.1,54.79,0.0,0,0.0,0.0,8.1,277,1009.1,100.0,9.6,0,0.0,0
548,"New York City, USA",2022-01-23T20:00:00,31.5,26.7,24.2,74.24,0.009,100,0.0,0.0,4.7,280,1009.4,100.0,1.7,0,0.0,0
549,"New York City, USA",2022-01-23T21:00:00,30.5,25.0,25.8,82.56,0.007,100,0.0,0.04,5.3,289,1009.6,100.0,1.9,0,0.0,0
550,"New York City, USA",2022-01-23T22:00:00,30.5,25.9,26.1,83.49,0.005,100,0.0,0.04,4.3,230,1009.3,100.0,6.6,0,0.0,0
551,"New York City, USA",2022-01-23T23:00:00,31.1,31.1,25.1,77.96,0.0,0,0.0,0.04,0.9,318,1008.9,100.0,8.6,0,0.0,0
552,"New York City, USA",2022-01-24T00:00:00,32.3,32.3,23.5,69.8,0.0,0,0.0,0.04,2.5,294,1008.8,100.0,9.9,0,0.0,0
553,"New York City, USA",2022-01-24T01:00:00,31.5,31.5,24.2,74.14,0.0,0,0.0,0.04,2.5,319,1008.4,100.0,9.9,0,0.0,0
554,"New York City, USA",2022-01-24T02:00:00,32.3,29.1,23.3,69.09,0.0,0,0.0,0.04,3.4,294,1008.6,100.0,9.9,0,0.0,0
555,"New York City, USA",2022-01-24T03:00:00,31.5,26.4,24.2,74.14,0.0,0,0.0,0.04,5.0,276,1009.2,100.0,9.0,0,0.0,0
556,"New York City, USA",2022-01-24T04:00:00,31.5,27.4,24.8,76.2,0.0,0,0.0,0.04,4.1,283,1009.8,100.0,8.0,0,0.0,0
557,"New York City, USA",2022-01-24T05:00:00,31.1,25.3,24.2,75.09,0.0,0,0.0,0.04,5.9,293,1010.0,100.0,7.3,0,0.0,0
558,"New York City, USA",2022-01-24T06:00:00,30.5,23.7,24.8,79.28,0.0,0,0.0,0.04,7.0,340,1010.7,100.0,5.8,5,0.0,0
559,"New York City, USA",2022-01-24T07:00:00,29.5,22.5,23.0,76.34,0.0,0,0.0,0.0,7.0,319,1011.6,100.0,6.4,1,0.0,0
560,"New York City, USA",2022-01-24T08:00:00,28.4,19.2,20.9,73.34,0.0,0,0.0,0.0,10.1,343,1012.8,100.0,6.2,12,0.0,0
561,"New York City, USA",2022-01-24T09:00:00,27.3,19.8,16.6,63.64,0.0,0,0.0,0.0,7.0,340,1013.6,100.0,7.7,84,0.3,1
562,"New York City, USA",2022-01-24T10:00:00,27.3,19.2,14.5,58.24,0.0,0,0.0,0.0,7.8,350,1014.0,100.0,9.9,120,0.4,1
563,"New York City, USA",2022-01-24T11:00:00,28.4,22.9,14.5,55.7,0.0,0,0.0,0.0,4.9,350,1013.9,97.0,9.9,247,0.9,2
564,"New York City, USA",2022-01-24T12:00:00,30.6,25.0,16.8,56.15,0.0,0,0.0,0.0,5.5,70,1012.8,88.8,9.9,354,1.3,4
565,"New York City, USA",2022-01-24T13:00:00,29.9,25.3,15.8,55.28,0.0,0,0.0,0.0,4.3,60,1012.2,33.2,9.9,396,1.4,4
566,"New York City, USA",2022-01-24T14:00:00,31.1,31.1,16.8,54.92,0.0,0,0.0,0.0,1.6,27,1011.7,86.6,9.9,232,0.8,2
567,"New York City, USA",2022-01-24T15:00:00,32.0,32.0,16.1,51.41,0.0,0,0.0,0.0,0.9,0,1011.1,97.0,9.9,195,0.7,2
568,"New York City, USA",2022-01-24T16:00:00,32.9,27.8,17.7,53.34,0.0,0,0.0,0.0,5.3,55,1011.4,97.0,9.9,113,0.4,1
569,"New York City, USA",2022-01-24T17:00:00,32.0,25.5,17.7,55.24,0.0,0,0.0,0.0,7.0,170,1011.5,88.8,9.9,20,0.1,0
570,"New York City, USA",2022-01-24T18:00:00,32.0,26.1,17.7,55.24,0.0,0,0.0,0.0,6.2,170,1012.0,97.0,9.9,25,0.1,0
571,"New York City, USA",2022-01-24T19:00:00,32.3,27.2,19.1,57.91,0.0,0,0.0,0.0,5.3,153,1011.8,88.8,9.9,0,0.0,0
572,"New York City, USA",2022-01-24T20:00:00,33.4,33.4,21.8,62.12,0.0,0,0.0,0.0,1.9,69,1011.6,100.0,9.9,0,0.0,0
573,"New York City, USA",2022-01-24T21:00:00,34.3,29.4,21.6,59.25,0.0,0,0.0,0.0,5.5,180,1011.2,100.0,9.9,0,0.0,0
574,"New York City, USA",2022-01-24T22:00:00,35.3,30.1,21.8,57.58,0.0,0,0.0,0.0,6.2,200,1011.4,100.0,9.6,0,0.0,0
575,"New York City, USA",2022-01-24T23:00:00,35.3,29.0,22.7,59.66,0.0,0,0.0,0.0,7.8,171,1011.1,100.0,9.9,0,0.0,0
576,"New York City, USA",2022-01-25T00:00:00,36.5,30.9,24.8,62.24,0.0,0,0.0,0.0,7.0,190,1010.7,100.0,9.9,0,0.0,0
577,"New York City, USA",2022-01-25T01:00:00,38.3,33.4,27.0,63.52,0.0,0,0.0,0.0,6.4,180,1010.0,100.0,9.9,0,0.0,0
578,"New York City, USA",2022-01-25T02:00:00,38.5,34.3,26.7,62.3,0.0,0,0.0,0.0,5.5,188,1009.7,100.0,9.9,0,0.0,0
579,"New York City, USA",2022-01-25T03:00:00,37.6,33.4,26.7,64.54,0.0,0,0.0,0.0,5.3,210,1010.1,100.0,9.9,0,0.0,0
580,"New York City, USA",2022-01-25T04:00:00,37.6,31.3,26.7,64.54,0.0,0,0.0,0.0,8.8,235,1010.1,100.0,7.2,0,0.0,0
581,"New York City, USA",2022-01-25T05:00:00,37.6,31.5,26.7,64.54,0.0,0,0.0,0.0,8.4,223,1010.1,100.0,6.3,0,0.0,0
582,"New York City, USA",2022-01-25T06:00:00,37.4,32.5,26.7,65.15,0.0,0,0.0,0.0,6.1,230,1010.6,100.0,8.1,0,0.0,0
583,"New York City, USA",2022-01-25T07:00:00,36.5,36.5,26.1,65.55,0.0,0,0.0,0.0,2.5,0,1010.8,43.6,7.6,2,0.0,0
584,"New York City, USA",2022-01-25T08:00:00,36.5,31.0,26.3,66.2,0.0,0,0.0,0.0,6.9,258,1012.0,43.6,8.2,23,0.1,0
585,"New York City, USA",2022-01-25T09:00:00,37.6,33.4,26.7,64.54,0.0,0,0.0,0.0,5.3,270,1013.3,100.0,7.7,39,0.1,0
586,"New York City, USA",2022-01-25T10:00:00,37.4,33.2,26.3,64.03,0.0,0,0.0,0.0,5.2,281,1013.9,100.0,7.3,76,0.3,1
587,"New York City, USA",2022-01-25T11:00:00,38.3,38.3,26.3,61.81,0.0,0,0.0,0.0,2.5,337,1014.5,100.0,8.2,66,0.2,1
588,"New York City, USA",2022-01-25T12:00:00,39.2,32.9,26.1,59.08,0.0,0,0.0,0.0,9.5,278,1014.1,100.0,9.9,152,0.5,2
589,"New York City, USA",2022-01-25T13:00:00,41.0,35.6,25.3,53.41,0.0,0,0.0,0.0,8.4,285,1013.6,100.0,9.9,197,0.7,2
590,"New York City, USA",2022-01-25T14:00:00,42.4,35.8,22.7,45.22,0.0,0,0.0,0.0,12.3,300,1013.7,91.8,9.9,215,0.8,2
591,"New York City, USA",2022-01-25T15:00:00,42.2,35.9,21.6,43.6,0.0,0,0.0,0.0,11.2,293,1014.3,88.8,9.9,164,0.6,2
592,"New York City, USA",2022-01-25T16:00:00,40.1,34.8,22.5,48.92,0.0,0,0.0,0.0,8.0,300,1015.1,43.6,9.9,156,0.6,2
593,"New York City, USA",2022-01-25T17:00:00,39.5,33.8,20.3,45.76,0.0,0,0.0,0.0,8.3,293,1015.8,13.4,9.9,24,0.1,0
594,"New York City, USA",2022-01-25T18:00:00,36.3,31.4,20.9,53.34,0.0,0,0.0,0.0,5.9,320,1017.1,7.2,9.9,1,0.0,0
595,"New York City, USA",2022-01-25T19:00:00,35.3,27.9,17.9,48.62,0.0,0,0.0,0.0,9.8,308,1018.2,7.2,9.9,0,0.0,0
596,"New York City, USA",2022-01-25T20:00:00,33.7,28.6,16.1,48.03,0.0,0,0.0,0.0,5.5,340,1019.0,7.2,9.9,0,0.0,0
597,"New York City, USA",2022-01-25T21:00:00,32.5,26.7,14.0,45.9,0.0,0,0.0,0.0,6.2,320,1019.8,7.2,9.9,0,0.0,0
598,"New York City, USA",2022-01-25T22:00:00,31.5,26.2,12.5,44.88,0.0,0,0.0,0.0,5.2,340,1020.7,7.2,9.9,0,0.0,0
599,"New York City, USA",2022-01-25T23:00:00,30.5,23.4,11.3,44.25,0.0,0,0.0,0.0,7.3,303,1021.0,7.2,9.9,0,0.0,0
600,"New York City, USA",2022-01-26T00:00:00,29.3,20.3,9.0,41.96,0.0,0,0.0,0.0,10.1,347,1021.4,7.2,9.9,0,0.0,0
601,"New York City, USA",2022-01-26T01:00:00,27.5,18.5,8.1,43.28,0.0,0,0.0,0.0,9.4,340,1021.9,7.2,9.9,0,0.0,0
602,"New York City, USA",2022-01-26T02:00:00,25.6,17.6,6.4,43.5,0.0,0,0.0,0.0,7.2,330,1022.4,7.2,9.9,0,0.0,0
603,"New York City, USA",2022-01-26T03:00:00,24.7,13.2,5.5,43.4,0.0,0,0.0,0.0,12.8,340,1023.3,7.2,9.9,0,0.0,0
604,"New York City, USA",2022-01-26T04:00:00,23.5,15.2,5.3,45.02,0.0,0,0.0,0.0,7.2,320,1023.5,7.2,9.9,0,0.0,0
605,"New York City, USA",2022-01-26T05:00:00,23.5,23.5,5.9,46.17,0.0,0,0.0,0.0,2.5,349,1024.1,7.2,9.9,0,0.0,0
606,"New York City, USA",2022-01-26T06:00:00,22.5,11.8,7.1,51.07,0.0,0,0.0,0.0,10.1,305,1024.9,7.2,9.9,0,0.0,0
607,"New York City, USA",2022-01-26T07:00:00,21.5,11.0,7.1,53.22,0.0,0,0.0,0.0,9.5,308,1025.6,7.2,9.9,2,0.0,0
608,"New York City, USA",2022-01-26T08:00:00,21.5,9.9,7.3,53.87,0.0,0,0.0,0.0,11.4,330,1026.8,7.2,9.9,22,0.1,0
609,"New York City, USA",2022-01-26T09:00:00,21.5,16.3,4.7,47.76,0.0,0,0.0,0.0,3.7,349,1027.7,7.2,9.9,151,0.5,2
610,"New York City, USA",2022-01-26T10:00:00,23.5,15.5,3.5,41.41,0.0,0,0.0,0.0,6.7,330,1028.1,7.2,9.9,291,1.0,3
611,"New York City, USA",2022-01-26T11:00:00,24.7,15.8,0.1,33.76,0.0,0,0.0,0.0,8.1,340,1028.3,7.2,9.9,498,1.8,5
612,"New York City, USA",2022-01-26T12:00:00,25.3,14.5,-0.7,31.65,0.0,0,0.0,0.0,11.8,301,1027.3,7.2,9.9,553,2.0,6
613,"New York City, USA",2022-01-26T13:00:00,26.3,16.0,-1.5,29.28,0.0,0,0.0,0.0,11.3,330,1026.8,7.2,9.9,550,2.0,6
614,"New York City, USA",2022-01-26T14:00:00,26.6,15.6,-1.2,29.29,0.0,0,0.0,0.0,12.8,308,1026.6,7.2,9.9,482,1.7,5
615,"New York City, USA",2022-01-26T15:00:00,26.6,15.7,-2.1,28.02,0.0,0,0.0,0.0,12.7,307,1026.7,7.2,9.9,365,1.3,4
616,"New York City, USA",2022-01-26T16:00:00,27.3,15.6,-2.1,27.27,0.0,0,0.0,0.0,15.0,310,1027.1,7.2,9.9,191,0.7,2
617,"New York City, USA",2022-01-26T17:00:00,25.9,17.6,-2.9,27.79,0.0,0,0.0,0.0,7.7,330,1027.8,7.2,9.9,26,0.1,0
618,"New York City, USA",2022-01-26T18:00:00,25.6,15.2,-2.4,28.92,0.0,0,0.0,0.0,11.0,352,1028.9,7.2,9.9,2,0.0,0
619,"New York City, USA",2022-01-26T19:00:00,25.3,15.7,-3.2,28.11,0.0,0,0.0,0.0,9.6,318,1030.5,0.0,9.9,0,0.0,0
620,"New York City, USA",2022-01-26T20:00:00,24.4,24.4,-2.4,30.37,0.0,0,0.0,0.0,2.5,352,1030.5,0.0,9.9,0,0.0,0
621,"New York City, USA",2022-01-26T21:00:00,23.3,16.0,-2.4,31.81,0.0,0,0.0,0.0,5.9,10,1031.0,0.0,9.9,0,0.0,0
622,"New York City, USA",2022-01-26T22:00:00,22.1,12.7,-1.9,34.24,0.0,0,0.0,0.0,8.1,40,1031.9,0.0,9.9,0,0.0,0
623,"New York City, USA",2022-01-26T23:00:00,21.2,21.2,-0.7,37.69,0.0,0,0.0,0.0,2.2,11,1031.5,0.0,9.9,0,0.0,0
624,"New York City, USA",2022-01-27T00:00:00,20.3,11.9,-0.9,38.72,0.0,0,0.0,0.0,6.4,47,1031.6,0.0,9.9,0,0.0,0
625,"New York City, USA",2022-01-27T01:00:00,20.3,10.9,0.5,41.44,0.0,0,0.0,0.0,7.5,47,1031.6,0.0,9.9,0,0.0,0
626,"New York City, USA",2022-01-27T02:00:00,19.4,12.3,-1.2,39.72,0.0,0,0.0,0.0,4.9,30,1031.8,7.2,9.9,0,0.0,0
627,"New York City, USA",2022-01-27T03:00:00,18.3,9.0,-0.1,43.74,0.0,0,0.0,0.0,6.9,59,1031.8,7.2,9.9,0,0.0,0
628,"New York City, USA",2022-01-27T04:00:00,18.3,10.4,3.3,51.44,0.0,0,0.0,0.0,5.5,73,1031.6,7.2,9.9,0,0.0,0
629,"New York City, USA",2022-01-27T05:00:00,18.3,13.2,2.3,48.94,0.0,0,0.0,0.0,3.4,70,1031.5,7.2,9.9,0,0.0,0
630,"New York City, USA",2022-01-27T06:00:00,19.1,14.0,2.5,47.73,0.0,0,0.0,0.0,3.4,99,1031.7,7.2,9.9,0,0.0,0
631,"New York City, USA",2022-01-27T07:00:00,19.1,12.8,4.1,51.45,0.0,0,0.0,0.0,4.3,100,1032.1,7.2,9.9,2,0.0,0
632,"New York City, USA",2022-01-27T08:00:00,20.3,12.2,4.4,49.68,0.0,0,0.0,0.0,6.1,80,1032.0,7.2,9.9,29,0.1,0
633,"New York City, USA",2022-01-27T09:00:00,21.8,12.9,3.3,44.23,0.0,0,0.0,0.0,7.5,87,1031.7,7.2,9.9,158,0.6,2
634,"New York City, USA",2022-01-27T10:00:00,24.2,24.2,3.1,39.6,0.0,0,0.0,0.0,1.6,54,1031.5,7.2,9.9,309,1.1,3
635,"New York City, USA",2022-01-27T11:00:00,27.0,19.7,5.5,39.47,0.0,0,0.0,0.0,6.7,160,1031.1,7.2,9.9,503,1.8,5
636,"New York City, USA",2022-01-27T12:00:00,28.1,21.7,8.7,43.49,0.0,0,0.0,0.0,5.9,150,1030.1,43.9,9.9,567,2.0,6
637,"New York City, USA",2022-01-27T13:00:00,29.5,21.5,9.0,41.55,0.0,0,0.0,0.0,8.6,228,1029.1,78.4,9.9,574,2.1,6
638,"New York City, USA",2022-01-27T14:00:00,30.5,23.4,11.9,45.57,0.0,0,0.0,0.0,7.4,180,1027.5,88.8,9.9,492,1.8,5
639,"New York City, USA",2022-01-27T15:00:00,30.8,24.5,14.0,49.18,0.0,0,0.0,0.0,6.5,170,1026.5,88.8,9.9,346,1.2,3
640,"New York City, USA",2022-01-27T16:00:00,31.1,24.2,13.7,47.91,0.0,0,0.0,0.0,7.3,180,1025.9,50.0,9.9,194,0.7,2
641,"New York City, USA",2022-01-27T17:00:00,31.1,25.9,13.1,46.8,0.0,0,0.0,0.0,5.2,170,1025.4,13.4,9.9,27,0.1,0
642,"New York City, USA",2022-01-27T18:00:00,30.9,25.3,14.0,49.1,0.0,0,0.0,0.0,5.5,190,1025.6,22.4,6.7,1,0.0,0
643,"New York City, USA",2022-01-27T19:00:00,31.1,22.8,9.7,40.1,0.0,0,0.0,0.0,9.8,244,1025.1,7.2,9.9,0,0.0,0
644,"New York City, USA",2022-01-27T20:00:00,30.5,25.1,8.1,38.45,0.0,0,0.0,0.0,5.2,190,1024.1,13.4,9.9,0,0.0,0
645,"New York City, USA",2022-01-27T21:00:00,30.2,23.1,10.6,43.52,0.0,0,0.0,0.0,7.2,200,1024.4,23.8,9.9,0,0.0,0
646,"New York City, USA",2022-01-27T22:00:00,30.2,23.5,8.1,38.84,0.0,0,0.0,0.0,6.7,210,1024.2,97.0,9.9,0,0.0,0
647,"New York City, USA",2022-01-27T23:00:00,30.5,22.3,8.7,39.51,0.0,0,0.0,0.0,9.2,249,1023.9,100.0,9.9,0,0.0,0
648,"New York City, USA",2022-01-28T00:00:00,30.5,26.0,9.0,39.94,0.0,0,0.0,0.0,4.3,220,1023.3,100.0,9.9,0,0.0,0
649,"New York City, USA",2022-01-28T01:00:00,30.5,25.4,9.8,41.49,0.0,0,0.0,0.0,4.9,230,1022.7,100.0,9.9,0,0.0,0
650,"New York City, USA",2022-01-28T02:00:00,30.2,20.2,10.8,43.86,0.0,0,0.0,0.0,12.8,220,1022.1,100.0,9.9,0,0.0,0
651,"New York City, USA",2022-01-28T03:00:00,31.1,31.1,11.7,43.9,0.0,0,0.0,0.0,1.9,303,1021.6,100.0,9.9,0,0.0,0
652,"New York City, USA",2022-01-28T04:00:00,30.5,23.0,11.9,45.57,0.0,0,0.0,0.0,8.1,237,1020.9,100.0,9.9,0,0.0,0
653,"New York City, USA",2022-01-28T05:00:00,30.5,23.4,12.8,47.41,0.0,0,0.0,0.0,7.5,259,1020.8,100.0,9.9,0,0.0,0
654,"New York City, USA",2022-01-28T06:00:00,30.5,25.9,12.8,47.41,0.0,0,0.0,0.0,4.3,255,1020.8,100.0,9.9,0,0.0,0
655,"New York City, USA",2022-01-28T07:00:00,31.1,26.7,13.1,46.8,0.0,0,0.0,0.0,4.3,210,1020.7,100.0,9.9,1,0.0,0
656,"New York City, USA",2022-01-28T08:00:00,30.2,25.6,18.8,62.29,0.0,0,0.0,0.0,4.3,273,1021.2,100.0,2.7,21,0.1,0
657,"New York City, USA",2022-01-28T09:00:00,29.3,29.3,22.4,75.33,0.003,100,0.24,0.24,0.9,352,1020.9,100.0,1.4,60,0.2,1
658,"New York City, USA",2022-01-28T10:00:00,30.2,30.2,24.8,80.28,0.01,100,0.24,0.48,1.6,0,1020.9,100.0,1.4,123,0.4,1
659,"New York City, USA",2022-01-28T11:00:00,31.1,31.1,24.8,77.19,0.002,100,0.24,0.72,1.4,316,1021.0,100.0,2.6,75,0.3,1
660,"New York City, USA",2022-01-28T12:00:00,31.5,31.5,26.1,80.25,0.004,100,0.24,0.96,0.9,15,1020.3,100.0,1.9,91,0.3,1
661,"New York City, USA",2022-01-28T13:00:00,31.7,31.7,25.8,78.6,0.0,0,0.24,1.2,0.9,0,1019.4,100.0,2.2,139,0.5,1
662,"New York City, USA",2022-01-28T14:00:00,32.3,32.3,26.5,78.82,0.0,0,0.24,1.44,1.3,15,1019.0,100.0,2.8,97,0.3,1
663,"New York City, USA",2022-01-28T15:00:00,32.3,28.1,26.7,79.7,0.0,0,0.24,1.68,4.3,50,1018.1,100.0,3.7,69,0.2,1
664,"New York City, USA",2022-01-28T16:00:00,32.3,26.5,26.3,78.34,0.0,0,0.24,1.92,6.1,38,1018.1,100.0,3.1,25,0.1,0
665,"New York City, USA",2022-01-28T17:00:00,32.3,25.7,25.3,75.23,0.0,0,0.24,2.16,7.3,50,1017.5,100.0,4.6,8,0.0,0
666,"New York City, USA",2022-01-28T18:00:00,32.3,24.6,26.3,78.34,0.0,0,0.24,2.4,9.0,40,1017.3,100.0,6.4,20,0.1,0
667,"New York City, USA",2022-01-28T19:00:00,32.3,25.2,26.7,79.7,0.0,0,0.24,2.64,8.0,45,1017.0,100.0,4.1,0,0.0,0
668,"New York City, USA",2022-01-28T20:00:00,31.1,23.2,25.3,78.84,0.0,0,0.24,2.88,9.0,53,1017.2,100.0,1.2,0,0.0,0
669,"New York City, USA",2022-01-28T21:00:00,30.2,21.3,26.1,84.54,0.02,100,0.24,3.12,10.3,30,1016.7,100.0,1.2,0,0.0,0
670,"New York City, USA",2022-01-28T22:00:00,30.2,21.2,26.1,84.54,0.007,100,0.24,3.36,10.5,29,1015.6,100.0,1.0,0,0.0,0
671,"New York City, USA",2022-01-28T23:00:00,30.2,20.0,26.1,84.54,0.022,100,0.24,3.6,13.0,35,1014.3,100.0,0.8,0,0.0,0
672,"New York City, USA",2022-01-29T00:00:00,29.3,20.4,26.3,88.69,0.031,100,0.24,3.84,9.9,20,1013.4,100.0,0.6,0,0.0,0
673,"New York City, USA",2022-01-29T01:00:00,27.3,17.8,24.4,88.77,0.051,100,0.24,4.08,10.2,19,1012.0,100.0,0.6,0,0.0,0
674,"New York City, USA",2022-01-29T02:00:00,24.7,14.4,21.8,88.73,0.067,100,0.24,4.32,10.5,5,1011.1,100.0,0.2,0,0.0,0
675,"New York City, USA",2022-01-29T03:00:00,23.5,12.1,20.9,89.57,0.063,100,0.24,4.56,12.1,5,1010.0,100.0,0.2,0,0.0,0
676,"New York City, USA",2022-01-29T04:00:00,21.6,9.3,18.4,87.56,0.035,100,0.24,4.8,12.7,2,1008.5,100.0,0.4,0,0.0,0
677,"New York City, USA",2022-01-29T05:00:00,21.2,8.7,17.7,86.35,0.052,100,0.24,5.04,12.9,340,1007.0,100.0,0.6,0,0.0,0
678,"New York City, USA",2022-01-29T06:00:00,20.3,5.6,16.8,86.19,0.039,100,0.24,5.28,17.2,5,1006.0,100.0,0.6,0,0.0,0
679,"New York City, USA",2022-01-29T07:00:00,19.1,5.4,15.5,85.55,0.041,100,0.24,5.51,14.3,350,1005.2,100.0,0.2,1,0.0,0
680,"New York City, USA",2022-01-29T08:00:00,16.6,2.3,12.2,82.46,0.049,100,0.24,5.75,14.0,7,1006.2,100.0,0.6,12,0.0,0
681,"New York City, USA",2022-01-29T09:00:00,16.3,1.3,11.9,82.44,0.033,100,0.07,5.82,15.5,343,1005.9,100.0,0.6,31,0.1,0
682,"New York City, USA",2022-01-29T10:00:00,15.7,0.8,11.3,82.39,0.036,100,0.07,5.89,14.8,347,1005.7,100.0,0.6,42,0.2,0
683,"New York City, USA",2022-01-29T11:00:00,16.3,0.5,11.3,80.07,0.036,100,0.07,5.96,17.2,345,1005.7,100.0,0.6,57,0.2,1
684,"New York City, USA",2022-01-29T12:00:00,16.6,2.0,11.9,81.59,0.031,100,0.07,6.03,14.6,337,1005.1,100.0,0.6,70,0.3,1
685,"New York City, USA",2022-01-29T13:00:00,16.6,1.4,11.3,79.24,0.043,100,0.07,6.1,16.0,308,1003.3,100.0,0.6,77,0.3,1
686,"New York City, USA",2022-01-29T14:00:00,18.3,3.3,12.8,78.88,0.014,100,0.07,6.17,16.5,305,1002.4,100.0,0.6,96,0.3,1
687,"New York City, USA",2022-01-29T15:00:00,19.6,4.8,11.7,71.05,0.004,100,0.07,6.24,17.1,307,1002.8,100.0,2.0,86,0.3,1
688,"New York City, USA",2022-01-29T16:00:00,19.6,5.6,2.9,47.62,0.0,0,0.07,6.31,15.2,300,1002.6,100.0,9.9,49,0.2,0
689,"New York City, USA",2022-01-29T17:00:00,19.6,4.4,0.1,41.8,0.0,0,0.07,6.38,18.2,300,1003.0,100.0,9.9,18,0.1,0
690,"New York City, USA",2022-01-29T18:00:00,19.6,5.3,-1.9,38.11,0.0,0,0.07,6.45,16.0,310,1003.5,100.0,9.9,1,0.0,0
691,"New York City, USA",2022-01-29T19:00:00,19.6,4.8,-2.1,37.61,0.0,0,0.07,6.52,17.1,310,1004.2,100.0,9.9,0,0.0,0
692,"New York City, USA",2022-01-29T20:00:00,18.5,2.9,-2.1,39.4,0.0,0,0.07,6.59,18.5,300,1005.7,91.8,9.9,0,0.0,0
693,"New York City, USA",2022-01-29T21:00:00,16.6,0.9,-4.6,38.16,0.0,0,0.07,6.66,17.2,305,1007.0,63.4,9.9,0,0.0,0
694,"New York City, USA",2022-01-29T22:00:00,14.8,-0.4,-5.2,39.98,0.0,0,0.07,6.73,15.0,305,1008.3,23.8,9.9,0,0.0,0
695,"New York City, USA",2022-01-29T23:00:00,13.7,-2.8,-6.6,39.18,0.0,0,0.07,6.8,16.9,303,1009.4,23.8,9.9,0,0.0,0
696,"New York City, USA",2022-01-30T00:00:00,12.8,-4.6,-7.4,39.27,0.0,0,0.07,6.87,18.5,310,1009.9,23.8,9.9,0,0.0,0
697,"New York City, USA",2022-01-30T01:00:00,12.8,-0.5,-5.1,43.88,0.0,0,0.07,6.94,10.6,310,1010.2,13.4,9.9,0,0.0,0
698,"New York City, USA",2022-01-30T02:00:00,13.5,-1.6,-4.2,44.51,0.0,0,0.07,7.01,13.9,300,1010.7,7.2,9.9,0,0.0,0
699,"New York City, USA",2022-01-30T03:00:00,13.5,4.0,-2.1,49.1,0.0,0,0.07,7.08,6.2,341,1011.2,7.2,9.9,0,0.0,0
700,"New York City, USA",2022-01-30T04:00:00,12.8,0.8,-1.5,52.14,0.0,0,0.07,7.15,8.9,320,1011.6,7.2,9.9,0,0.0,0
701,"New York City, USA",2022-01-30T05:00:00,13.7,1.3,-1.7,49.55,0.0,0,0.07,7.22,9.7,303,1012.2,7.2,9.9,0,0.0,0
702,"New York City, USA",2022-01-30T06:00:00,13.7,0.8,-1.7,49.55,0.0,0,0.07,7.29,10.3,310,1013.1,7.2,9.9,0,0.0,0
703,"New York City, USA",2022-01-30T07:00:00,13.5,1.0,-0.9,51.98,0.0,0,0.07,7.36,9.6,285,1014.3,7.2,9.9,7,0.0,0
704,"New York City, USA",2022-01-30T08:00:00,13.7,1.3,0.5,55.06,0.0,0,0.07,7.43,9.6,278,1015.6,13.4,9.9,45,0.2,0
705,"New York City, USA",2022-01-30T09:00:00,14.8,5.3,1.3,54.35,0.0,0,0.0,7.41,6.5,271,1016.3,13.4,9.9,121,0.4,1
706,"New York City, USA",2022-01-30T10:00:00,16.6,4.0,1.5,50.9,0.0,0,0.0,7.39,11.0,285,1016.4,13.4,9.9,342,1.2,3
707,"New York City, USA",2022-01-30T11:00:00,19.4,6.5,2.3,46.71,0.0,0,0.0,7.37,12.8,278,1016.9,7.2,9.9,530,1.9,5
708,"New York City, USA",2022-01-30T12:00:00,20.8,9.7,2.8,45.05,0.0,0,0.0,7.35,10.2,281,1016.2,7.2,9.9,583,2.1,6
709,"New York City, USA",2022-01-30T13:00:00,23.5,13.4,3.1,40.76,0.0,0,0.0,7.33,9.8,281,1015.4,0.0,9.9,576,2.1,6
710,"New York City, USA",2022-01-30T14:00:00,24.7,15.3,2.5,37.8,0.0,0,0.0,7.31,9.0,278,1015.2,0.0,9.9,510,1.8,5
711,"New York City, USA",2022-01-30T15:00:00,24.9,14.2,3.2,38.54,0.0,0,0.0,7.29,11.4,275,1015.3,0.0,9.9,387,1.4,4
712,"New York City, USA",2022-01-30T16:00:00,26.1,17.2,3.6,37.45,0.0,0,0.0,7.27,8.6,279,1015.5,0.0,9.9,211,0.8,2
713,"New York City, USA",2022-01-30T17:00:00,23.8,14.1,4.7,43.26,0.0,0,0.0,7.25,9.2,240,1016.4,0.0,9.9,35,0.1,0
714,"New York City, USA",2022-01-30T18:00:00,23.5,15.7,3.8,42.08,0.0,0,0.0,7.23,6.5,250,1017.6,7.2,9.9,2,0.0,0
715,"New York City, USA",2022-01-30T19:00:00,23.5,14.3,4.1,42.68,0.0,0,0.0,7.21,8.4,255,1018.8,13.4,9.9,0,0.0,0
716,"New York City, USA",2022-01-30T20:00:00,24.4,16.6,3.8,40.58,0.0,0,0.0,7.19,6.7,238,1019.8,23.8,9.9,0,0.0,0
717,"New York City, USA",2022-01-30T21:00:00,23.5,16.3,5.9,46.17,0.0,0,0.0,7.17,5.9,280,1020.5,23.8,9.9,0,0.0,0
718,"New York City, USA",2022-01-30T22:00:00,23.8,15.6,6.4,46.82,0.0,0,0.0,7.15,7.0,310,1021.5,43.6,9.9,0,0.0,0
719,"New York City, USA",2022-01-30T23:00:00,23.5,16.3,4.7,43.75,0.0,0,0.0,7.13,5.9,293,1022.2,46.6,9.9,0,0.0,0
720,"New York City, USA",2022-01-31T00:00:00,23.5,17.6,4.1,42.68,0.0,0,0.0,7.11,4.6,315,1022.5,26.7,9.9,0,0.0,0
721,"New York City, USA",2022-01-31T01:00:00,23.5,16.3,4.1,42.68,0.0,0,0.0,7.09,5.8,360,1022.4,88.8,9.9,0,0.0,0
722,"New York City, USA",2022-01-31T02:00:00,22.5,22.5,4.1,44.68,0.0,0,0.0,7.07,1.3,4,1022.8,100.0,9.9,0,0.0,0
723,"New York City, USA",2022-01-31T03:00:00,22.5,22.5,3.2,42.73,0.0,0,0.0,7.05,1.3,8,1023.0,88.8,9.9,0,0.0,0
724,"New York City, USA",2022-01-31T04:00:00,21.8,21.8,3.8,45.29,0.0,0,0.0,7.03,1.3,360,1023.5,7.2,9.9,0,0.0,0
725,"New York City, USA",2022-01-31T05:00:00,21.5,16.8,4.5,47.24,0.0,0,0.0,7.01,3.4,20,1023.8,0.0,9.9,0,0.0,0
726,"New York City, USA",2022-01-31T06:00:00,20.9,13.5,4.1,47.65,0.0,0,0.0,6.99,5.5,33,1024.5,0.0,9.9,0,0.0,0
727,"New York City, USA",2022-01-31T07:00:00,22.1,16.7,4.0,45.07,0.0,0,0.0,6.97,4.0,55,1025.5,7.2,9.9,7,0.0,0
728,"New York City, USA",2022-01-31T08:00:00,22.5,22.5,7.2,51.44,0.0,0,0.0,6.95,1.6,19,1026.1,23.8,9.9,55,0.2,1
729,"New York City, USA",2022-01-31T09:00:00,24.8,17.9,6.6,45.26,0.0,0,0.0,1.54,5.8,53,1027.1,23.8,9.9,152,0.5,2
730,"New York City, USA",2022-01-31T10:00:00,26.1,19.3,8.4,46.56,0.0,0,0.0,1.53,5.8,75,1027.8,23.8,9.9,258,0.9,3
731,"New York City, USA",2022-01-31T11:00:00,27.0,22.3,8.6,45.38,0.0,0,0.0,1.53,4.0,60,1028.5,23.8,9.9,385,1.4,4
732,"New York City, USA",2022-01-31T12:00:00,28.8,21.7,6.9,39.0,0.0,0,0.0,1.53,6.9,40,1028.6,23.8,9.9,494,1.8,5
733,"New York City, USA",2022-01-31T13:00:00,30.3,24.2,8.9,39.96,0.0,0,0.0,1.52,6.1,37,1028.1,23.8,9.9,571,2.1,6
734,"New York City, USA",2022-01-31T14:00:00,29.7,29.7,9.3,41.82,0.0,0,0.0,1.52,1.9,23,1027.8,23.8,9.9,391,1.4,4
735,"New York City, USA",2022-01-31T15:00:00,29.9,22.8,9.0,40.85,0.0,0,0.0,1.51,7.2,62,1027.8,23.8,9.9,338,1.2,3
736,"New York City, USA",2022-01-31T16:00:00,29.9,24.7,8.7,40.41,0.0,0,0.0,1.51,4.9,60,1027.9,23.8,9.9,191,0.7,2
737,"New York City, USA",2022-01-31T17:00:00,28.1,21.7,6.7,39.63,0.0,0,0.0,1.5,5.9,67,1028.6,13.4,9.9,39,0.1,0
738,"New York City, USA",2022-01-31T18:00:00,27.3,20.7,5.2,38.37,0.0,0,0.0,1.5,5.9,50,1029.1,7.2,9.9,2,0.0,0
739,"New York City, USA",2022-01-31T19:00:00,27.3,19.6,6.9,41.49,0.0,0,0.0,1.49,7.2,53,1029.9,7.2,9.9,0,0.0,0
740,"New York City, USA",2022-01-31T20:00:00,26.6,18.6,9.8,48.46,0.0,0,0.0,1.49,7.5,50,1030.2,7.2,9.9,0,0.0,0
741,"New York City, USA",2022-01-31T21:00:00,26.9,20.8,9.8,47.98,0.0,0,0.0,1.49,5.3,50,1030.7,7.2,9.9,0,0.0,0
742,"New York City, USA",2022-01-31T22:00:00,27.0,19.5,11.3,51.07,0.0,0,0.0,1.48,6.9,65,1031.2,7.2,9.9,0,0.0,0
743,"New York City, USA",2022-01-31T23:00:00,25.1,25.1,11.5,55.86,0.0,0,0.0,1.48,1.6,27,1031.5,7.2,9.9,0,0.0,0
